,avg_hit_angle,anglesweetspotpercent,avg_hit_speed,fbld,avg_hr_distance,ev95percent,brl_pa,full_name,ba,est_ba,slg,est_slg,woba,est_woba,Age,Tm,PAâ–¼,HR,OBP,OPS,RBI/PA,SO/PA,SH/PA,SF/PA,IBB/PA,CHR_per_PA,angle_sweet_spot_index,AS__2,AS__3
0,15.3,42.4,86.4,90.6,392.0,28.9,3.3, Whit Merrifield,0.302,0.28800000000000003,0.463,0.435,0.34,0.325,30.0,KCR,735,16,0.348,0.8109999999999999,0.10068027210884353,0.17142857142857143,0.0,0.005442176870748299,0.006802721088435374,0.021768707482993196,3,0,1
1,14.7,34.7,88.8,93.2,401.0,37.8,6.3, Marcus Semien,0.285,0.275,0.522,0.495,0.373,0.362,28.0,OAK,747,33,0.369,0.892,0.12315930388219545,0.13654618473895583,0.0,0.0013386880856760374,0.002677376171352075,0.04417670682730924,2,1,0
2,10.9,29.6,88.6,91.5,399.0,37.7,4.9, Starlin Castro,0.27,0.268,0.436,0.4320000000000001,0.307,0.31,29.0,MIA,676,22,0.3,0.736,0.12721893491124261,0.16420118343195267,0.0,0.013313609467455622,0.0029585798816568047,0.03254437869822485,2,1,0
3,9.8,38.4,83.7,86.6,375.0,16.9,0.3, David Fletcher,0.29,0.302,0.384,0.38,0.318,0.32299999999999995,25.0,LAA,653,6,0.35,0.7340000000000001,0.07503828483920368,0.09800918836140889,0.0015313935681470138,0.0015313935681470138,0.0030627871362940277,0.009188361408882083,3,0,1
4,15.6,36.8,88.8,91.4,394.0,33.5,5.0, Ozzie Albies,0.295,0.29100000000000004,0.5,0.49,0.354,0.35100000000000003,22.0,ATL,702,24,0.35200000000000004,0.852,0.1225071225071225,0.15954415954415954,0.0,0.005698005698005698,0.008547008547008548,0.03418803418803419,3,0,1
5,10.3,33.1,92.1,96.3,403.0,47.5,6.8, Rafael Devers,0.311,0.295,0.555,0.519,0.377,0.36,22.0,BOS,702,32,0.361,0.916,0.16381766381766383,0.16951566951566951,0.0014245014245014246,0.002849002849002849,0.009971509971509971,0.045584045584045586,2,1,0
6,13.9,33.1,86.0,90.8,400.0,30.7,4.0, Kevin Pillar,0.259,0.263,0.4320000000000001,0.407,0.298,0.295,30.0,TOT,645,21,0.287,0.7190000000000001,0.13643410852713178,0.13798449612403102,0.0,0.010852713178294573,0.006201550387596899,0.03255813953488372,2,1,0
7,17.9,41.8,87.0,91.7,393.0,33.0,5.0, Jorge Polanco,0.295,0.279,0.485,0.469,0.35200000000000004,0.344,25.0,MIN,704,22,0.35600000000000004,0.841,0.11221590909090909,0.16477272727272727,0.002840909090909091,0.009943181818181818,0.002840909090909091,0.03125,3,0,1
8,6.7,36.6,91.7,95.2,386.0,47.2,6.0, DJ LeMahieu,0.327,0.322,0.518,0.529,0.375,0.379,30.0,NYY,655,26,0.375,0.893,0.15572519083969466,0.13740458015267176,0.0015267175572519084,0.0061068702290076335,0.0,0.03969465648854962,3,0,1
9,9.3,32.0,85.7,88.5,391.0,28.3,2.1, Cesar Hernandez,0.279,0.273,0.408,0.378,0.315,0.303,29.0,PHI,667,14,0.333,0.741,0.10644677661169415,0.14992503748125938,0.0,0.005997001499250375,0.005997001499250375,0.020989505247376312,2,1,0
10,18.3,38.6,87.8,91.1,393.0,31.5,5.2, Eduardo Escobar,0.269,0.258,0.511,0.468,0.341,0.327,30.0,ARI,699,35,0.32,0.831,0.1688125894134478,0.1859799713876967,0.0,0.01430615164520744,0.004291845493562232,0.05007153075822604,3,0,1
11,7.1,32.5,88.2,90.7,402.0,34.4,2.8, Elvis Andrus,0.275,0.271,0.393,0.398,0.3,0.307,30.0,TEX,648,12,0.313,0.7070000000000001,0.1111111111111111,0.14814814814814814,0.0,0.015432098765432098,0.0015432098765432098,0.018518518518518517,2,1,0
12,10.6,38.4,88.7,92.5,394.0,37.4,4.7, Michael Brantley,0.311,0.303,0.503,0.49,0.3670000000000001,0.362,32.0,HOU,637,22,0.3720000000000001,0.875,0.141287284144427,0.10361067503924647,0.0,0.006279434850863423,0.004709576138147566,0.03453689167974882,3,0,1
13,11.9,29.8,90.6,93.7,397.0,40.6,5.8, Francisco Lindor,0.284,0.276,0.518,0.462,0.349,0.33,25.0,CLE,654,32,0.335,0.8540000000000001,0.11314984709480122,0.14984709480122324,0.0015290519877675841,0.009174311926605505,0.013761467889908258,0.04892966360856269,2,1,0
14,7.0,31.0,88.0,90.6,389.0,32.7,2.6, Jean Segura,0.28,0.278,0.42,0.406,0.315,0.314,29.0,PHI,618,12,0.32299999999999995,0.743,0.0970873786407767,0.11812297734627832,0.0016181229773462784,0.0048543689320388345,0.0016181229773462784,0.019417475728155338,2,1,0
15,14.5,34.3,89.3,91.4,387.0,37.5,3.1, Yuli Gurriel,0.298,0.284,0.541,0.422,0.364,0.322,35.0,HOU,612,31,0.343,0.884,0.16993464052287582,0.10620915032679738,0.0,0.00980392156862745,0.0032679738562091504,0.05065359477124183,2,1,0
16,19.1,39.4,91.0,94.2,391.0,46.6,7.4, Mookie Betts,0.295,0.311,0.524,0.573,0.38,0.408,26.0,BOS,706,29,0.391,0.915,0.11331444759206799,0.14305949008498584,0.0,0.012747875354107648,0.0084985835694051,0.04107648725212465,3,0,1
17,17.7,34.6,89.4,92.9,406.0,37.4,6.0, Nolan Arenado,0.315,0.272,0.583,0.484,0.392,0.344,28.0,COL,662,41,0.379,0.962,0.1782477341389728,0.1404833836858006,0.0,0.012084592145015106,0.01661631419939577,0.061933534743202415,2,1,0
18,13.1,35.3,90.6,94.0,398.0,43.7,6.2, Xander Bogaerts,0.309,0.28,0.555,0.484,0.39,0.358,26.0,BOS,698,33,0.384,0.939,0.167621776504298,0.17478510028653296,0.0,0.008595988538681949,0.0028653295128939827,0.04727793696275072,3,0,1
19,8.8,35.6,89.2,91.7,396.0,39.1,3.2, Amed Rosario,0.287,0.29100000000000004,0.4320000000000001,0.423,0.318,0.32,23.0,NYM,655,15,0.32299999999999995,0.755,0.1099236641221374,0.18931297709923664,0.0030534351145038168,0.004580152671755725,0.0030534351145038168,0.022900763358778626,3,0,1
20,10.9,35.2,92.1,96.1,405.0,48.2,9.1, Jose Abreu,0.284,0.28300000000000003,0.503,0.52,0.344,0.359,32.0,CHW,693,33,0.33,0.8340000000000001,0.1774891774891775,0.21933621933621933,0.0,0.01443001443001443,0.005772005772005772,0.047619047619047616,3,0,1
21,11.5,34.6,89.8,93.5,407.0,40.0,7.2, Ketel Marte,0.329,0.299,0.5920000000000001,0.521,0.405,0.37,25.0,ARI,628,32,0.389,0.981,0.1464968152866242,0.13694267515923567,0.0,0.0031847133757961785,0.0031847133757961785,0.050955414012738856,2,1,0
22,12.1,36.4,86.3,89.5,391.0,28.0,1.5, Adam Frazier,0.278,0.275,0.417,0.399,0.32,0.315,27.0,PIT,608,10,0.336,0.753,0.08223684210526316,0.12335526315789473,0.006578947368421052,0.001644736842105263,0.006578947368421052,0.01644736842105263,3,0,1
23,16.7,33.4,89.1,93.9,392.0,36.0,6.9, Eddie Rosario,0.276,0.269,0.5,0.501,0.329,0.33,27.0,MIN,590,32,0.3,0.8,0.1847457627118644,0.14576271186440679,0.0,0.010169491525423728,0.003389830508474576,0.05423728813559322,2,1,0
24,14.5,36.8,88.5,92.8,412.0,40.1,6.3, Charlie Blackmon,0.314,0.294,0.5760000000000001,0.52,0.387,0.362,32.0,COL,634,32,0.364,0.94,0.13564668769716087,0.1640378548895899,0.0,0.007886435331230283,0.0015772870662460567,0.050473186119873815,3,0,1
25,10.7,32.7,82.8,86.6,395.0,18.3,2.5, Hanser Alberto,0.305,0.29,0.422,0.397,0.318,0.303,26.0,BAL,550,12,0.329,0.7509999999999999,0.09272727272727273,0.09090909090909091,0.005454545454545455,0.005454545454545455,0.0018181818181818182,0.02181818181818182,2,1,0
26,19.6,36.5,89.3,92.3,382.0,37.5,3.8, Alex Bregman,0.29600000000000004,0.272,0.5920000000000001,0.471,0.418,0.378,25.0,HOU,690,41,0.423,1.015,0.16231884057971013,0.12028985507246377,0.0,0.011594202898550725,0.002898550724637681,0.059420289855072465,3,0,1
27,13.9,40.0,89.0,93.9,394.0,41.4,8.0, Nicholas Castellanos,0.289,0.28300000000000003,0.525,0.547,0.358,0.364,27.0,TOT,664,27,0.337,0.863,0.10993975903614457,0.21536144578313254,0.0,0.004518072289156626,0.0015060240963855422,0.04066265060240964,3,0,1
28,14.5,40.3,89.7,93.9,404.0,42.3,8.5, Freddie Freeman,0.295,0.292,0.5489999999999999,0.5710000000000001,0.387,0.394,29.0,ATL,692,38,0.389,0.938,0.17485549132947978,0.18352601156069365,0.0,0.002890173410404624,0.015895953757225433,0.05491329479768786,3,0,1
29,7.0,30.3,87.7,92.8,412.0,37.1,4.5, Jonathan Villar,0.274,0.249,0.453,0.412,0.335,0.313,28.0,BAL,714,24,0.339,0.792,0.10224089635854341,0.24649859943977592,0.0028011204481792717,0.0056022408963585435,0.0,0.03361344537815126,2,1,0
30,13.2,33.9,86.6,91.6,392.0,34.2,2.7, Adam Eaton,0.279,0.277,0.428,0.423,0.342,0.34,30.0,WSN,656,15,0.365,0.792,0.07469512195121951,0.16158536585365854,0.013719512195121951,0.004573170731707317,0.0,0.022865853658536585,2,1,0
31,19.5,38.7,90.4,93.5,398.0,46.6,8.7, Anthony Rendon,0.319,0.319,0.598,0.599,0.413,0.418,29.0,WSN,646,34,0.412,1.01,0.19504643962848298,0.13312693498452013,0.0,0.01393188854489164,0.01238390092879257,0.05263157894736842,3,0,1
32,11.8,29.1,91.8,93.5,396.0,44.9,6.6, Carlos Santana,0.281,0.268,0.515,0.485,0.38,0.3670000000000001,33.0,CLE,686,34,0.397,0.911,0.13556851311953352,0.15743440233236153,0.0,0.0029154518950437317,0.01749271137026239,0.04956268221574344,2,1,0
33,7.8,36.4,90.3,95.8,404.0,42.7,7.1, Trey Mancini,0.29100000000000004,0.28300000000000003,0.535,0.511,0.373,0.364,27.0,BAL,679,35,0.364,0.899,0.14285714285714285,0.2106038291605302,0.0,0.007363770250368188,0.004418262150220913,0.05154639175257732,3,0,1
34,9.0,33.7,88.2,92.4,399.0,37.8,3.9, Alex Gordon,0.266,0.261,0.396,0.43,0.319,0.332,35.0,KCR,633,13,0.345,0.741,0.12006319115323855,0.1579778830963665,0.001579778830963665,0.009478672985781991,0.00631911532385466,0.020537124802527645,2,1,0
35,13.0,31.2,91.2,94.5,400.0,43.7,5.6, Manny Machado,0.256,0.266,0.462,0.466,0.335,0.342,26.0,SDP,661,32,0.334,0.7959999999999999,0.12859304084720122,0.19364599092284418,0.0,0.0045385779122541605,0.0045385779122541605,0.048411497730711045,2,1,0
36,2.1,29.1,90.5,94.1,402.0,46.0,4.9, Eric Hosmer,0.265,0.259,0.425,0.418,0.309,0.308,29.0,SDP,667,22,0.31,0.735,0.14842578710644677,0.24437781109445278,0.0,0.0074962518740629685,0.004497751124437781,0.03298350824587706,2,1,0
37,6.6,31.3,89.4,91.6,403.0,42.1,3.0, Lorenzo Cain,0.26,0.29,0.3720000000000001,0.412,0.302,0.33,33.0,MIL,623,11,0.325,0.6970000000000001,0.07704654895666131,0.17014446227929375,0.0,0.006420545746388443,0.0,0.01765650080256822,2,1,0
38,7.5,35.7,87.5,91.8,410.0,33.8,4.8, Nick Ahmed,0.254,0.257,0.4370000000000001,0.422,0.315,0.318,29.0,ARI,625,19,0.316,0.753,0.1312,0.1808,0.0016,0.0192,0.0032,0.0304,3,0,1
39,17.6,40.0,90.7,95.0,405.0,45.5,8.9, Cody Bellinger,0.304,0.32299999999999995,0.628,0.638,0.414,0.429,23.0,LAD,661,47,0.406,1.035,0.17397881996974282,0.16338880484114976,0.0,0.006051437216338881,0.03177004538577912,0.07110438729198185,3,0,1
40,4.8,30.1,86.6,90.6,408.0,29.5,2.8, Leury Garcia,0.279,0.247,0.378,0.35200000000000004,0.295,0.274,28.0,CHW,618,8,0.31,0.688,0.06472491909385113,0.22491909385113268,0.01779935275080906,0.0048543689320388345,0.0,0.012944983818770227,2,1,0
41,7.4,31.9,87.4,93.8,404.0,38.5,6.3, Starling Marte,0.295,0.304,0.503,0.511,0.353,0.361,30.0,PIT,586,23,0.342,0.845,0.13993174061433447,0.16040955631399317,0.0034129692832764505,0.006825938566552901,0.0017064846416382253,0.03924914675767918,2,1,0
42,5.1,29.7,90.8,95.3,406.0,44.8,5.4, Tommy Pham,0.273,0.277,0.45,0.462,0.349,0.35700000000000004,31.0,TBR,654,21,0.369,0.818,0.10397553516819572,0.18807339449541285,0.0,0.0015290519877675841,0.0061162079510703364,0.03211009174311927,2,1,0
43,15.6,36.6,86.0,89.0,386.0,29.2,2.7, Josh Reddick,0.275,0.277,0.409,0.397,0.308,0.313,32.0,HOU,550,14,0.319,0.728,0.10181818181818182,0.12,0.0018181818181818182,0.016363636363636365,0.0018181818181818182,0.025454545454545455,3,0,1
44,12.5,41.9,91.3,95.0,402.0,46.7,8.1, J.D. Martinez,0.304,0.309,0.557,0.579,0.386,0.4,31.0,BOS,657,36,0.383,0.939,0.1598173515981735,0.2100456621004566,0.0,0.0076103500761035,0.0136986301369863,0.0547945205479452,3,0,1
45,18.5,33.4,87.0,92.8,410.0,34.0,5.7, Paul DeJong,0.233,0.237,0.444,0.439,0.322,0.325,25.0,STL,664,30,0.318,0.762,0.11746987951807229,0.22439759036144577,0.0,0.009036144578313253,0.0015060240963855422,0.045180722891566265,2,1,0
46,14.2,40.5,90.6,95.6,418.0,46.9,9.2, Ronald Acuna Jr.,0.28,0.279,0.518,0.5720000000000001,0.369,0.386,21.0,ATL,715,41,0.365,0.883,0.14125874125874127,0.2629370629370629,0.0,0.0013986013986013986,0.005594405594405594,0.057342657342657345,3,0,1
47,16.3,25.5,92.6,97.1,408.0,48.7,8.1, Matt Chapman,0.249,0.255,0.506,0.505,0.354,0.36,26.0,OAK,670,36,0.342,0.848,0.13582089552238805,0.21940298507462686,0.0,0.004477611940298508,0.0,0.05373134328358209,1,0,0
48,7.0,30.9,84.0,87.5,389.0,23.9,2.1, Jose Iglesias,0.28800000000000003,0.272,0.407,0.369,0.306,0.289,29.0,CIN,530,11,0.318,0.7240000000000001,0.11132075471698114,0.1320754716981132,0.0018867924528301887,0.0037735849056603774,0.005660377358490566,0.020754716981132074,2,1,0
49,13.2,33.9,88.4,92.2,393.0,36.6,3.7, Jeff McNeil,0.318,0.29,0.531,0.472,0.385,0.355,27.0,NYM,567,23,0.384,0.916,0.13227513227513227,0.13227513227513227,0.0,0.001763668430335097,0.003527336860670194,0.04056437389770723,2,1,0
50,8.1,33.4,84.7,87.9,399.0,24.4,1.7, Kevin Newman,0.308,0.29100000000000004,0.446,0.389,0.34,0.312,25.0,PIT,531,12,0.353,0.8,0.12052730696798493,0.1167608286252354,0.003766478342749529,0.0018832391713747645,0.003766478342749529,0.022598870056497175,2,1,0
51,15.3,36.6,90.1,94.5,411.0,42.4,7.2, Paul Goldschmidt,0.26,0.262,0.476,0.513,0.34600000000000003,0.361,31.0,STL,682,34,0.34600000000000003,0.821,0.14222873900293256,0.2434017595307918,0.0,0.004398826979472141,0.002932551319648094,0.04985337243401759,3,0,1
52,12.4,26.7,88.3,92.3,403.0,36.3,4.8, Albert Pujols,0.244,0.253,0.43,0.433,0.308,0.319,39.0,LAA,545,23,0.305,0.7340000000000001,0.1706422018348624,0.12477064220183487,0.0,0.014678899082568808,0.001834862385321101,0.04220183486238532,1,0,0
53,18.2,31.0,89.7,92.9,392.0,41.7,6.4, Max Kepler,0.252,0.262,0.519,0.458,0.355,0.342,26.0,MIN,596,36,0.336,0.855,0.15100671140939598,0.16610738255033558,0.0,0.006711409395973154,0.0,0.06040268456375839,2,1,0
54,12.4,37.1,88.8,92.5,401.0,37.0,4.9, Anthony Rizzo,0.293,0.3,0.52,0.4970000000000001,0.39,0.39,29.0,CHC,613,27,0.405,0.924,0.1533442088091354,0.1402936378466558,0.0,0.004893964110929853,0.004893964110929853,0.04404567699836868,3,0,1
55,17.1,32.6,89.3,93.8,402.0,40.7,7.5, Mike Moustakas,0.254,0.263,0.516,0.505,0.348,0.349,30.0,MIL,584,35,0.329,0.845,0.14897260273972604,0.1678082191780822,0.0,0.003424657534246575,0.008561643835616438,0.059931506849315065,2,1,0
56,8.8,31.9,87.1,89.3,399.0,28.3,2.1, Miguel Rojas,0.284,0.275,0.379,0.373,0.305,0.303,30.0,MIA,526,5,0.331,0.71,0.08745247148288973,0.11787072243346007,0.0019011406844106464,0.009505703422053232,0.0038022813688212928,0.009505703422053232,2,1,0
57,14.2,31.2,89.9,94.1,410.0,39.1,6.7, Yasiel Puig,0.267,0.266,0.458,0.464,0.33,0.334,28.0,TOT,611,24,0.327,0.785,0.13747954173486088,0.2176759410801964,0.0,0.006546644844517185,0.0016366612111292963,0.03927986906710311,2,1,0
58,16.2,31.3,89.3,93.9,401.0,39.8,5.7, Randal Grichuk,0.232,0.237,0.457,0.426,0.307,0.3,27.0,TOR,628,31,0.28,0.738,0.12738853503184713,0.25955414012738853,0.0,0.0031847133757961785,0.0,0.04936305732484077,2,1,0
59,17.4,38.2,89.0,92.8,397.0,35.8,7.1, Gleyber Torres,0.278,0.262,0.535,0.4970000000000001,0.359,0.341,22.0,NYY,604,38,0.337,0.871,0.1490066225165563,0.21357615894039736,0.0016556291390728477,0.009933774834437087,0.004966887417218543,0.06291390728476821,3,0,1
60,14.4,35.0,90.3,94.4,393.0,40.9,6.2, J.T. Realmuto,0.275,0.278,0.493,0.474,0.34,0.342,28.0,PHI,593,25,0.328,0.82,0.1399662731871838,0.20741989881956155,0.0,0.013490725126475547,0.003372681281618887,0.04215851602023609,2,1,0
61,8.8,29.4,86.1,92.8,396.0,34.5,6.2, Jose Altuve,0.298,0.282,0.55,0.4920000000000001,0.374,0.35,29.0,HOU,548,31,0.353,0.903,0.13503649635036497,0.14963503649635038,0.0018248175182481751,0.005474452554744526,0.0,0.05656934306569343,2,1,0
62,14.8,37.4,90.6,96.5,414.0,42.3,9.5, Pete Alonso,0.26,0.257,0.583,0.542,0.384,0.374,24.0,NYM,693,53,0.358,0.941,0.17316017316017315,0.26406926406926406,0.0,0.004329004329004329,0.008658008658008658,0.07647907647907648,3,0,1
63,14.5,34.5,81.0,88.6,401.0,23.0,3.2, Victor Robles,0.255,0.233,0.419,0.37,0.317,0.292,22.0,WSN,617,17,0.326,0.745,0.1053484602917342,0.22690437601296595,0.009724473257698542,0.008103727714748784,0.004862236628849271,0.027552674230145867,2,1,0
64,17.3,36.5,90.9,93.8,414.0,45.8,5.5, Trevor Story,0.294,0.264,0.5539999999999999,0.463,0.38,0.339,26.0,COL,656,35,0.363,0.917,0.12957317073170732,0.2652439024390244,0.0,0.004573170731707317,0.0,0.053353658536585365,3,0,1
65,12.0,36.3,91.3,97.0,403.0,47.8,7.7, Juan Soto,0.282,0.285,0.5479999999999999,0.5760000000000001,0.394,0.407,20.0,WSN,659,34,0.401,0.949,0.1669195751138088,0.20030349013657056,0.0,0.009104704097116844,0.004552352048558422,0.051593323216995446,3,0,1
66,13.0,34.9,92.3,96.1,411.0,47.1,8.6, Josh Bell,0.277,0.28300000000000003,0.569,0.556,0.379,0.381,26.0,PIT,613,37,0.3670000000000001,0.936,0.18923327895595432,0.19249592169657423,0.0,0.011419249592169658,0.021207177814029365,0.06035889070146819,2,1,0
67,15.4,34.7,92.6,97.2,414.0,49.9,10.3, Jorge Soler,0.265,0.277,0.569,0.593,0.378,0.392,27.0,KCR,679,48,0.354,0.922,0.1723122238586156,0.2621502209131075,0.0,0.005891016200294551,0.004418262150220913,0.07069219440353461,2,1,0
68,14.2,31.8,88.2,91.3,388.0,36.1,3.9, Freddy Galvis,0.26,0.237,0.438,0.386,0.307,0.279,29.0,TOT,589,23,0.29600000000000004,0.7340000000000001,0.11884550084889643,0.2461799660441426,0.001697792869269949,0.003395585738539898,0.001697792869269949,0.03904923599320883,2,1,0
69,19.8,32.6,89.1,91.8,397.0,35.7,4.8, Jose Ramirez,0.255,0.274,0.479,0.465,0.335,0.342,26.0,CLE,542,23,0.327,0.8059999999999999,0.15313653136531366,0.13653136531365315,0.0,0.01107011070110701,0.005535055350553505,0.042435424354243544,2,1,0
70,9.7,29.8,90.3,93.1,408.0,41.5,4.9, Trea Turner,0.298,0.281,0.4970000000000001,0.453,0.35600000000000004,0.336,26.0,WSN,569,19,0.353,0.85,0.10017574692442882,0.19859402460456943,0.0,0.0035149384885764497,0.0035149384885764497,0.033391915641476276,2,1,0
71,17.3,40.1,88.6,91.9,389.0,37.7,5.4, Andrew Benintendi,0.266,0.267,0.431,0.461,0.33,0.34,24.0,BOS,615,13,0.343,0.774,0.11056910569105691,0.22764227642276422,0.004878048780487805,0.008130081300813009,0.0016260162601626016,0.02113821138211382,3,0,1
72,0.0,26.0,90.0,93.7,390.0,42.2,3.6, Wilson Ramos,0.28800000000000003,0.263,0.416,0.402,0.327,0.311,31.0,NYM,524,14,0.35100000000000003,0.768,0.13931297709923665,0.1316793893129771,0.0,0.0057251908396946565,0.009541984732824428,0.026717557251908396,1,0,0
73,11.1,32.3,88.6,91.3,391.0,36.5,4.1, Jason Heyward,0.251,0.269,0.429,0.416,0.328,0.333,29.0,CHC,589,21,0.343,0.772,0.10526315789473684,0.1867572156196944,0.0,0.0050933786078098476,0.008488964346349746,0.035653650254668934,2,1,0
74,10.6,29.1,83.6,89.1,396.0,25.1,1.8, Kolten Wong,0.285,0.259,0.423,0.368,0.334,0.308,28.0,STL,549,11,0.361,0.784,0.10746812386156648,0.151183970856102,0.01092896174863388,0.009107468123861567,0.009107468123861567,0.020036429872495445,2,1,0
75,15.0,40.7,88.8,91.4,399.0,37.7,4.6, Joey Votto,0.261,0.256,0.411,0.442,0.332,0.343,35.0,CIN,608,15,0.35700000000000004,0.768,0.07730263157894737,0.20230263157894737,0.0,0.004934210526315789,0.003289473684210526,0.024671052631578948,3,0,1
76,15.7,36.0,88.8,93.7,402.0,39.3,7.4, Michael Conforto,0.257,0.262,0.494,0.504,0.358,0.3670000000000001,26.0,NYM,648,33,0.363,0.856,0.1419753086419753,0.22993827160493827,0.0,0.007716049382716049,0.007716049382716049,0.05092592592592592,3,0,1
77,21.9,41.4,86.4,91.3,389.0,35.8,5.7, Brandon Belt,0.234,0.245,0.403,0.457,0.319,0.34600000000000003,31.0,SFG,616,17,0.339,0.742,0.09253246753246754,0.20616883116883117,0.0,0.006493506493506494,0.00487012987012987,0.027597402597402596,3,0,1
78,24.0,31.0,89.7,94.0,388.0,38.7,5.5, Rhys Hoskins,0.226,0.221,0.454,0.426,0.34700000000000003,0.342,26.0,PHI,705,29,0.364,0.8190000000000001,0.12056737588652482,0.2453900709219858,0.0,0.00851063829787234,0.00851063829787234,0.04113475177304964,2,1,0
79,20.0,32.1,89.9,94.0,413.0,40.6,7.2, Renato Nunez,0.244,0.252,0.46,0.469,0.32299999999999995,0.331,25.0,BAL,599,31,0.311,0.7709999999999999,0.15025041736227046,0.2387312186978297,0.0,0.00667779632721202,0.001669449081803005,0.05175292153589316,2,1,0
80,19.3,36.0,87.4,92.3,403.0,34.1,5.8, Kris Bryant,0.282,0.246,0.521,0.46,0.38,0.34700000000000003,27.0,CHC,634,31,0.382,0.903,0.12145110410094637,0.22870662460567823,0.0,0.0031545741324921135,0.0015772870662460567,0.04889589905362776,3,0,1
81,16.7,38.1,90.4,94.7,399.0,42.9,8.5, Austin Meadows,0.29100000000000004,0.284,0.5579999999999999,0.547,0.38,0.3720000000000001,24.0,TBR,591,33,0.364,0.922,0.1505922165820643,0.22165820642978004,0.0,0.0,0.01015228426395939,0.05583756345177665,3,0,1
82,8.7,32.1,91.3,96.7,410.0,49.0,5.3, Shin-Soo Choo,0.265,0.26,0.455,0.469,0.353,0.35600000000000004,36.0,TEX,660,24,0.371,0.826,0.09242424242424242,0.25,0.0,0.0015151515151515152,0.004545454545454545,0.03636363636363636,2,1,0
83,13.1,37.6,91.3,96.9,411.0,45.6,8.7, Bryce Harper,0.26,0.279,0.51,0.5479999999999999,0.366,0.387,26.0,PHI,682,35,0.3720000000000001,0.882,0.16715542521994134,0.26099706744868034,0.0,0.005865102639296188,0.016129032258064516,0.051319648093841645,3,0,1
84,12.3,33.8,86.3,89.6,390.0,25.6,1.6, Joe Panik,0.244,0.251,0.336,0.373,0.284,0.304,28.0,TOT,491,5,0.315,0.6509999999999999,0.07942973523421588,0.09572301425661914,0.004073319755600814,0.008146639511201629,0.004073319755600814,0.010183299389002037,2,1,0
85,17.6,38.9,90.2,93.1,401.0,43.0,5.6, Justin Turner,0.29,0.28800000000000003,0.509,0.517,0.37,0.378,34.0,LAD,549,27,0.3720000000000001,0.8809999999999999,0.122040072859745,0.16029143897996356,0.0,0.009107468123861567,0.0018214936247723133,0.04918032786885246,3,0,1
86,13.3,33.3,92.9,98.1,406.0,50.0,9.4, Josh Donaldson,0.259,0.269,0.521,0.536,0.377,0.387,33.0,ATL,659,37,0.379,0.9,0.1426403641881639,0.23520485584218512,0.0,0.0030349013657056147,0.0030349013657056147,0.05614567526555387,2,1,0
87,14.1,35.4,88.8,93.2,403.0,37.9,5.4, Corey Seager,0.272,0.261,0.483,0.464,0.34,0.332,25.0,LAD,541,19,0.335,0.8170000000000001,0.16081330868761554,0.18114602587800369,0.0,0.0073937153419593345,0.005545286506469501,0.03512014787430684,3,0,1
88,6.3,27.5,87.5,91.5,393.0,30.8,3.3, Orlando Arcia,0.223,0.232,0.35,0.3670000000000001,0.269,0.284,24.0,MIL,546,15,0.28300000000000003,0.633,0.10805860805860806,0.19963369963369965,0.003663003663003663,0.01098901098901099,0.009157509157509158,0.027472527472527472,1,0,0
89,14.7,36.2,89.3,95.0,403.0,42.6,7.0, Kole Calhoun,0.232,0.247,0.467,0.477,0.33,0.34,31.0,LAA,632,33,0.325,0.792,0.11708860759493671,0.2563291139240506,0.0,0.0031645569620253164,0.011075949367088608,0.05221518987341772,3,0,1
90,17.8,39.3,89.4,93.2,400.0,40.8,8.3, Eugenio Suarez,0.271,0.248,0.5720000000000001,0.503,0.381,0.355,27.0,CIN,662,49,0.358,0.93,0.1555891238670695,0.2854984894259819,0.0,0.00906344410876133,0.006042296072507553,0.07401812688821752,3,0,1
91,8.7,37.6,88.3,90.7,398.0,37.3,3.9, Tim Anderson,0.335,0.294,0.508,0.461,0.363,0.328,26.0,CHW,518,18,0.35700000000000004,0.865,0.10810810810810811,0.21042471042471042,0.0,0.003861003861003861,0.0,0.03474903474903475,3,0,1
92,12.2,38.5,90.3,92.4,396.0,44.6,4.6, Miguel Cabrera,0.282,0.273,0.398,0.443,0.318,0.332,36.0,DET,549,12,0.34600000000000003,0.7440000000000001,0.10746812386156648,0.19672131147540983,0.0,0.009107468123861567,0.007285974499089253,0.02185792349726776,3,0,1
93,12.8,32.1,85.6,88.9,354.0,27.1,0.7, Yolmer Sanchez,0.252,0.237,0.321,0.32,0.281,0.276,27.0,CHW,555,2,0.318,0.638,0.07747747747747748,0.21081081081081082,0.012612612612612612,0.005405405405405406,0.0018018018018018018,0.0036036036036036037,2,1,0
94,8.4,36.7,87.5,92.8,401.0,35.1,3.8, Brandon Crawford,0.228,0.241,0.35,0.4,0.281,0.306,32.0,SFG,560,11,0.304,0.654,0.10535714285714286,0.20892857142857144,0.0,0.007142857142857143,0.008928571428571428,0.019642857142857142,3,0,1
95,14.2,30.2,86.7,91.7,387.0,30.9,4.6, Jurickson Profar,0.218,0.251,0.41,0.426,0.301,0.32299999999999995,26.0,OAK,518,20,0.301,0.711,0.12934362934362933,0.14478764478764478,0.0,0.005791505791505791,0.003861003861003861,0.03861003861003861,2,1,0
96,13.5,31.3,86.0,90.2,405.0,30.2,4.9, Adam Jones,0.26,0.257,0.414,0.429,0.308,0.314,33.0,ARI,528,16,0.313,0.728,0.1268939393939394,0.19128787878787878,0.0,0.005681818181818182,0.003787878787878788,0.030303030303030304,2,1,0
97,12.9,38.2,88.7,92.7,387.0,38.5,4.6, Christian Vazquez,0.276,0.254,0.477,0.447,0.331,0.316,28.0,BOS,521,23,0.32,0.7979999999999999,0.1381957773512476,0.19385796545105566,0.005758157389635317,0.005758157389635317,0.005758157389635317,0.044145873320537425,3,0,1
98,13.6,29.3,87.2,91.7,382.0,31.4,2.9, Brett Gardner,0.251,0.242,0.503,0.3720000000000001,0.344,0.301,35.0,NYY,550,28,0.325,0.8290000000000001,0.13454545454545455,0.19636363636363635,0.0,0.005454545454545455,0.0,0.05090909090909091,2,1,0
99,10.0,36.1,87.8,93.1,396.0,35.5,5.5, Willy Adames,0.254,0.249,0.418,0.433,0.313,0.315,23.0,TBR,584,20,0.317,0.735,0.08904109589041095,0.261986301369863,0.005136986301369863,0.0017123287671232876,0.0017123287671232876,0.03424657534246575,3,0,1
100,13.1,33.3,86.7,91.2,393.0,34.4,4.1, Jason Kipnis,0.245,0.261,0.41,0.418,0.301,0.316,32.0,CLE,511,17,0.304,0.715,0.12720156555772993,0.17221135029354206,0.009784735812133072,0.011741682974559686,0.003913894324853229,0.033268101761252444,2,1,0
101,16.7,35.8,91.1,94.2,401.0,42.6,6.5, Hunter Dozier,0.279,0.261,0.522,0.471,0.36,0.337,27.0,KCR,586,26,0.348,0.87,0.14334470989761092,0.2525597269624573,0.0,0.008532423208191127,0.0034129692832764505,0.04436860068259386,3,0,1
102,13.9,37.7,90.3,94.9,400.0,41.8,6.8, Yasmani Grandal,0.246,0.24,0.468,0.474,0.361,0.363,30.0,MIL,632,28,0.38,0.848,0.12183544303797468,0.2199367088607595,0.0,0.007911392405063292,0.0031645569620253164,0.04430379746835443,3,0,1
103,15.0,35.6,92.7,97.9,406.0,51.2,9.0, Kyle Schwarber,0.25,0.267,0.531,0.5529999999999999,0.35700000000000004,0.375,26.0,CHC,610,38,0.339,0.871,0.15081967213114755,0.25573770491803277,0.0,0.009836065573770493,0.00819672131147541,0.06229508196721312,3,0,1
104,7.6,36.3,91.0,96.1,404.0,43.6,8.6, Javier Baez,0.281,0.27,0.531,0.503,0.34700000000000003,0.334,26.0,CHC,561,29,0.316,0.847,0.15151515151515152,0.27807486631016043,0.0,0.0035650623885918,0.0053475935828877,0.05169340463458111,3,0,1
105,14.8,34.1,91.1,95.2,411.0,48.4,8.1, Christian Walker,0.259,0.263,0.476,0.516,0.34600000000000003,0.362,28.0,ARI,603,29,0.348,0.825,0.12106135986733002,0.2570480928689884,0.0,0.001658374792703151,0.009950248756218905,0.04809286898839138,2,1,0
106,6.7,30.9,89.4,93.2,418.0,38.4,5.6, Vladimir Guerrero Jr.,0.272,0.263,0.433,0.4370000000000001,0.329,0.33,20.0,TOR,514,15,0.339,0.772,0.13424124513618677,0.17704280155642024,0.0,0.0038910505836575876,0.0,0.029182879377431907,2,1,0
107,11.2,33.2,93.1,96.7,407.0,49.1,10.2, Christian Yelich,0.329,0.313,0.6709999999999999,0.622,0.442,0.42,27.0,MIL,580,44,0.429,1.1,0.16724137931034483,0.20344827586206896,0.0,0.005172413793103448,0.027586206896551724,0.07586206896551724,2,1,0
108,9.4,37.5,89.6,92.5,401.0,41.7,4.6, Bryan Reynolds,0.314,0.29600000000000004,0.503,0.476,0.371,0.35700000000000004,24.0,PIT,546,16,0.377,0.88,0.12454212454212454,0.2216117216117216,0.0,0.005494505494505495,0.0,0.029304029304029304,3,0,1
109,13.5,33.6,91.8,96.3,403.0,49.2,8.6, Marcell Ozuna,0.241,0.28800000000000003,0.472,0.5479999999999999,0.336,0.382,28.0,STL,549,29,0.328,0.8,0.1621129326047359,0.20765027322404372,0.0,0.0018214936247723133,0.0036429872495446266,0.052823315118397086,2,1,0
110,7.2,29.6,84.3,88.6,378.0,19.8,1.4, Mallex Smith,0.227,0.219,0.335,0.297,0.278,0.265,26.0,SEA,566,6,0.3,0.635,0.06537102473498234,0.24911660777385158,0.0035335689045936395,0.0017667844522968198,0.0,0.01060070671378092,2,1,0
111,10.3,33.0,89.8,95.3,408.0,44.8,9.5, George Springer,0.292,0.287,0.591,0.578,0.401,0.398,29.0,HOU,556,39,0.383,0.974,0.17266187050359713,0.20323741007194246,0.0,0.007194244604316547,0.0017985611510791368,0.07014388489208633,2,1,0
112,14.8,36.7,86.3,89.2,388.0,28.1,1.9, Daniel Murphy,0.279,0.25,0.452,0.371,0.328,0.29,34.0,COL,478,13,0.328,0.78,0.16317991631799164,0.15481171548117154,0.0,0.008368200836820083,0.0020920502092050207,0.027196652719665274,3,0,1
113,9.8,34.1,89.5,95.2,415.0,40.3,8.1, Avisail Garcia,0.282,0.275,0.464,0.494,0.334,0.342,28.0,TBR,530,20,0.332,0.7959999999999999,0.13584905660377358,0.2358490566037736,0.0,0.005660377358490566,0.0037735849056603774,0.03773584905660377,2,1,0
114,13.8,42.1,87.4,91.7,399.0,34.7,3.1, Yadier Molina,0.27,0.275,0.399,0.443,0.303,0.325,36.0,STL,452,10,0.312,0.711,0.1261061946902655,0.12831858407079647,0.0,0.011061946902654867,0.0,0.022123893805309734,3,0,1
115,14.2,36.7,89.8,93.1,402.0,41.6,6.8, Dansby Swanson,0.251,0.271,0.422,0.48,0.317,0.34700000000000003,25.0,ATL,545,17,0.325,0.748,0.11926605504587157,0.22752293577981653,0.001834862385321101,0.009174311926605505,0.003669724770642202,0.031192660550458717,3,0,1
116,13.4,33.4,86.5,90.9,385.0,33.9,3.1, Oscar Mercado,0.269,0.262,0.443,0.403,0.321,0.308,24.0,CLE,482,15,0.318,0.7609999999999999,0.11203319502074689,0.17427385892116182,0.014522821576763486,0.008298755186721992,0.0,0.03112033195020747,2,1,0
117,12.0,40.4,92.8,95.5,406.0,47.9,7.9, Yoan Moncada,0.315,0.29100000000000004,0.5479999999999999,0.524,0.38,0.362,24.0,CHW,559,25,0.3670000000000001,0.915,0.1413237924865832,0.27549194991055453,0.0017889087656529517,0.005366726296958855,0.0035778175313059034,0.044722719141323794,3,0,1
118,9.4,19.1,87.7,89.6,386.0,33.6,1.4, Andrelton Simmons,0.264,0.238,0.364,0.321,0.29,0.265,29.0,LAA,424,7,0.309,0.6729999999999999,0.09433962264150944,0.08726415094339622,0.0,0.0,0.0023584905660377358,0.01650943396226415,1,0,0
119,7.3,34.1,91.2,92.5,392.0,44.3,2.3, Nick Markakis,0.285,0.3,0.42,0.434,0.332,0.349,35.0,ATL,469,9,0.35600000000000004,0.7759999999999999,0.13219616204690832,0.1257995735607676,0.0,0.01279317697228145,0.0021321961620469083,0.019189765458422176,2,1,0
120,13.6,37.6,90.5,94.1,407.0,40.6,5.3, Gio Urshela,0.314,0.294,0.534,0.505,0.369,0.353,27.0,NYY,476,21,0.355,0.889,0.15546218487394958,0.18277310924369747,0.0,0.008403361344537815,0.0021008403361344537,0.04411764705882353,3,0,1
121,7.1,33.6,91.2,95.6,404.0,45.0,6.9, Ryan Braun,0.285,0.273,0.505,0.479,0.354,0.342,35.0,MIL,508,22,0.343,0.8490000000000001,0.14763779527559054,0.20669291338582677,0.0,0.005905511811023622,0.001968503937007874,0.04330708661417323,2,1,0
122,22.2,44.1,90.7,94.9,419.0,44.3,11.0, Mike Trout,0.29100000000000004,0.311,0.645,0.669,0.436,0.455,27.0,LAA,600,45,0.438,1.083,0.17333333333333334,0.2,0.0,0.006666666666666667,0.023333333333333334,0.075,3,0,1
123,12.3,37.7,88.2,93.3,393.0,34.8,5.2, Colin Moran,0.277,0.262,0.429,0.442,0.315,0.316,26.0,PIT,503,13,0.322,0.7509999999999999,0.15904572564612326,0.23260437375745527,0.0,0.007952286282306162,0.007952286282306162,0.02584493041749503,3,0,1
124,12.7,34.3,91.0,96.1,404.0,44.6,10.6, C.J. Cron,0.253,0.278,0.469,0.55,0.325,0.366,29.0,MIN,499,25,0.311,0.78,0.156312625250501,0.21442885771543085,0.0,0.004008016032064128,0.006012024048096192,0.050100200400801605,2,1,0
125,14.1,37.3,88.8,93.2,390.0,35.3,3.9, Asdrubal Cabrera,0.26,0.241,0.441,0.413,0.331,0.318,33.0,TOT,514,18,0.342,0.7829999999999999,0.17704280155642024,0.20038910505836577,0.0,0.013618677042801557,0.0038910505836575876,0.03501945525291829,3,0,1
126,13.0,40.9,85.2,90.5,391.0,28.4,4.5, Dexter Fowler,0.238,0.251,0.409,0.421,0.326,0.338,33.0,STL,574,19,0.34600000000000003,0.754,0.11672473867595819,0.24738675958188153,0.0017421602787456446,0.006968641114982578,0.0017421602787456446,0.033101045296167246,3,0,1
127,11.1,31.3,89.9,94.6,397.0,45.7,6.0, Brian Anderson,0.261,0.259,0.468,0.461,0.342,0.343,26.0,MIA,520,20,0.342,0.8109999999999999,0.12692307692307692,0.21923076923076923,0.0,0.0057692307692307696,0.0019230769230769232,0.038461538461538464,2,1,0
128,14.0,35.8,89.7,93.2,406.0,40.8,5.1, Evan Longoria,0.254,0.274,0.4370000000000001,0.498,0.322,0.35200000000000004,33.0,SFG,508,20,0.325,0.762,0.13582677165354332,0.2204724409448819,0.0,0.00984251968503937,0.001968503937007874,0.03937007874015748,3,0,1
129,16.2,30.6,89.4,96.2,404.0,45.6,8.1, Rougned Odor,0.205,0.229,0.439,0.468,0.302,0.322,25.0,TEX,581,30,0.28300000000000003,0.721,0.16006884681583478,0.306368330464716,0.0017211703958691911,0.0017211703958691911,0.0034423407917383822,0.05163511187607573,2,1,0
130,18.3,36.4,91.9,97.1,400.0,50.3,9.1, Matt Olson,0.267,0.276,0.545,0.5760000000000001,0.368,0.386,25.0,OAK,547,36,0.35100000000000003,0.8959999999999999,0.1663619744058501,0.2522851919561243,0.0,0.0018281535648994515,0.012797074954296161,0.06581352833638025,3,0,1
131,9.5,33.3,93.3,98.2,408.0,51.0,9.3, Franmil Reyes,0.249,0.264,0.512,0.539,0.338,0.36,23.0,TOT,548,37,0.31,0.8220000000000001,0.1478102189781022,0.2846715328467153,0.0,0.012773722627737226,0.0018248175182481751,0.06751824817518248,2,1,0
132,6.7,26.4,88.9,93.4,412.0,37.8,4.0, Kevin Kiermaier,0.228,0.246,0.398,0.393,0.284,0.292,29.0,TBR,480,14,0.278,0.6759999999999999,0.11458333333333333,0.21666666666666667,0.0020833333333333333,0.0020833333333333333,0.004166666666666667,0.029166666666666667,1,0,0
133,8.7,31.1,89.7,95.0,395.0,43.0,6.0, Jackie Bradley Jr.,0.225,0.242,0.421,0.435,0.314,0.327,29.0,BOS,567,21,0.317,0.738,0.10934744268077601,0.27336860670194,0.005291005291005291,0.003527336860670194,0.005291005291005291,0.037037037037037035,2,1,0
134,14.2,39.8,89.7,94.4,404.0,43.4,7.1, Max Muncy,0.251,0.269,0.515,0.522,0.373,0.385,28.0,LAD,589,35,0.374,0.889,0.166383701188455,0.2529711375212224,0.0,0.006791171477079796,0.001697792869269949,0.059422750424448216,3,0,1
135,15.3,31.7,90.9,96.0,399.0,43.5,6.8, Joc Pederson,0.249,0.254,0.5379999999999999,0.477,0.362,0.34700000000000003,27.0,LAD,514,36,0.339,0.8759999999999999,0.14396887159533073,0.21595330739299612,0.0,0.0038910505836575876,0.0038910505836575876,0.07003891050583658,2,1,0
136,17.3,34.6,88.2,92.0,392.0,38.4,5.0, Todd Frazier,0.251,0.24,0.443,0.413,0.328,0.315,33.0,NYM,499,21,0.329,0.772,0.1342685370741483,0.2124248496993988,0.0,0.0,0.002004008016032064,0.04208416833667335,2,1,0
137,5.3,29.0,83.0,87.1,361.0,19.0,0.0, Dee Gordon,0.275,0.254,0.359,0.308,0.282,0.26,31.0,SEA,421,3,0.304,0.6629999999999999,0.08076009501187649,0.14489311163895488,0.007125890736342043,0.014251781472684086,0.0023752969121140144,0.007125890736342043,2,1,0
138,18.3,40.7,84.7,88.3,378.0,20.1,1.6, Eric Sogard,0.29,0.27,0.457,0.373,0.342,0.307,33.0,TOT,442,13,0.353,0.81,0.09049773755656108,0.1425339366515837,0.006787330316742082,0.006787330316742082,0.004524886877828055,0.029411764705882353,3,0,1
139,17.8,40.7,85.4,88.8,385.0,27.5,3.7, Omar Narvaez,0.278,0.254,0.46,0.422,0.345,0.324,27.0,SEA,482,22,0.353,0.813,0.11410788381742738,0.1908713692946058,0.0,0.006224066390041493,0.002074688796680498,0.04564315352697095,3,0,1
140,8.9,32.8,87.9,89.9,394.0,33.0,1.8, Melky Cabrera,0.28,0.28,0.399,0.376,0.301,0.294,34.0,PIT,397,7,0.313,0.713,0.11838790931989925,0.10327455919395466,0.0025188916876574307,0.0,0.007556675062972292,0.017632241813602016,2,1,0
141,13.2,32.0,90.1,95.2,396.0,40.2,6.4, Khris Davis,0.22,0.233,0.387,0.442,0.289,0.318,31.0,OAK,533,23,0.293,0.679,0.13696060037523453,0.27392120075046905,0.0,0.00375234521575985,0.005628517823639775,0.043151969981238276,2,1,0
142,9.1,32.4,88.4,92.6,399.0,36.0,3.6, Buster Posey,0.257,0.254,0.368,0.418,0.298,0.315,32.0,SFG,445,7,0.32,0.688,0.0853932584269663,0.15955056179775282,0.0022471910112359553,0.0022471910112359553,0.0022471910112359553,0.015730337078651686,2,1,0
143,12.1,36.3,87.7,90.0,389.0,30.7,1.7, Robbie Grossman,0.24,0.265,0.348,0.383,0.299,0.324,29.0,OAK,482,6,0.334,0.682,0.07883817427385892,0.17842323651452283,0.0,0.004149377593360996,0.004149377593360996,0.012448132780082987,3,0,1
144,9.3,32.4,91.2,96.6,409.0,47.9,8.5, Eloy Jimenez,0.267,0.268,0.513,0.521,0.343,0.349,22.0,CHW,504,31,0.315,0.828,0.15674603174603174,0.26587301587301587,0.0,0.003968253968253968,0.0,0.061507936507936505,2,1,0
145,2.3,22.6,83.8,86.3,393.0,19.1,1.2, Nicky Lopez,0.24,0.24,0.325,0.298,0.26,0.251,24.0,KCR,402,2,0.276,0.601,0.07462686567164178,0.12686567164179105,0.009950248756218905,0.0,0.0,0.004975124378109453,1,0,0
146,3.8,29.0,88.9,92.0,389.0,34.7,4.7, Harold Ramirez,0.276,0.276,0.416,0.413,0.308,0.309,24.0,MIA,446,11,0.312,0.728,0.11210762331838565,0.2040358744394619,0.0,0.002242152466367713,0.002242152466367713,0.02466367713004484,2,1,0
147,14.9,24.2,89.0,93.4,410.0,38.1,5.4, Maikel Franco,0.234,0.243,0.409,0.417,0.281,0.292,26.0,PHI,428,17,0.297,0.705,0.1308411214953271,0.1425233644859813,0.0,0.007009345794392523,0.04439252336448598,0.0397196261682243,1,0,0
148,10.6,35.4,90.4,94.5,403.0,43.7,4.5, Marwin Gonzalez,0.264,0.262,0.414,0.435,0.313,0.32,30.0,MIN,463,15,0.322,0.736,0.11879049676025918,0.21166306695464362,0.0,0.0021598272138228943,0.004319654427645789,0.032397408207343416,3,0,1
149,13.5,37.8,91.4,94.7,406.0,43.6,6.1, Danny Santana,0.28300000000000003,0.275,0.534,0.496,0.35200000000000004,0.338,28.0,TEX,511,28,0.324,0.857,0.15851272015655576,0.29549902152641877,0.0,0.009784735812133072,0.003913894324853229,0.0547945205479452,3,0,1
150,8.4,32.4,90.6,93.6,425.0,42.2,7.1, Ian Desmond,0.255,0.271,0.479,0.474,0.328,0.335,33.0,COL,482,20,0.31,0.7879999999999999,0.13485477178423236,0.24688796680497926,0.002074688796680498,0.004149377593360996,0.002074688796680498,0.04149377593360996,2,1,0
151,10.5,33.9,89.1,93.9,416.0,39.3,7.5, Nomar Mazara,0.268,0.272,0.469,0.485,0.327,0.337,24.0,TEX,469,19,0.318,0.7859999999999999,0.14072494669509594,0.2302771855010661,0.0,0.01279317697228145,0.0042643923240938165,0.04051172707889126,2,1,0
152,7.3,36.5,87.4,90.0,402.0,31.6,2.7, Raimel Tapia,0.275,0.259,0.415,0.376,0.307,0.287,25.0,COL,447,9,0.309,0.7240000000000001,0.09843400447427293,0.22371364653243847,0.0,0.0,0.0,0.020134228187919462,3,0,1
153,13.1,38.3,93.7,99.2,411.0,51.5,12.5, Nelson Cruz,0.311,0.295,0.639,0.643,0.417,0.418,38.0,MIN,521,41,0.392,1.031,0.2072936660268714,0.2514395393474088,0.0,0.005758157389635317,0.015355086372360844,0.07869481765834933,3,0,1
154,7.3,33.6,90.8,93.2,401.0,46.0,5.7, Robinson Cano,0.256,0.28,0.428,0.449,0.308,0.327,36.0,NYM,423,13,0.307,0.736,0.09219858156028368,0.16312056737588654,0.0,0.0070921985815602835,0.0070921985815602835,0.030732860520094562,2,1,0
155,8.4,36.6,91.4,95.8,415.0,47.7,5.4, Ryan McMahon,0.25,0.245,0.45,0.429,0.33,0.322,24.0,COL,539,24,0.329,0.779,0.15398886827458255,0.29684601113172543,0.0018552875695732839,0.0018552875695732839,0.0018552875695732839,0.04452690166975881,3,0,1
156,19.5,35.8,88.4,91.9,398.0,34.5,4.1, Enrique Hernandez,0.237,0.242,0.411,0.411,0.302,0.308,27.0,LAD,460,17,0.304,0.715,0.1391304347826087,0.2108695652173913,0.0,0.008695652173913044,0.006521739130434782,0.03695652173913044,3,0,1
157,17.1,33.8,84.7,87.7,384.0,25.7,0.2, Jose Peraza,0.239,0.269,0.34600000000000003,0.362,0.272,0.292,25.0,CIN,403,6,0.285,0.631,0.08188585607940446,0.14392059553349876,0.0,0.004962779156327543,0.0,0.01488833746898263,2,1,0
158,14.8,38.1,89.5,93.3,405.0,40.4,6.4, Ramon Laureano,0.28800000000000003,0.274,0.521,0.487,0.35600000000000004,0.342,24.0,OAK,481,24,0.34,0.86,0.1392931392931393,0.25571725571725573,0.002079002079002079,0.016632016632016633,0.0,0.0498960498960499,3,0,1
159,12.5,35.5,87.5,93.5,404.0,38.5,6.0, Jonathan Schoop,0.256,0.252,0.473,0.439,0.324,0.312,27.0,MIN,464,23,0.304,0.777,0.1271551724137931,0.25,0.0,0.0021551724137931034,0.0021551724137931034,0.04956896551724138,3,0,1
160,22.5,34.6,90.0,94.4,401.0,42.0,8.2, Edwin Encarnacion,0.244,0.242,0.531,0.513,0.362,0.36,36.0,TOT,486,34,0.344,0.875,0.17695473251028807,0.21193415637860083,0.0,0.006172839506172839,0.00205761316872428,0.06995884773662552,2,1,0
161,8.9,29.3,82.0,88.0,389.0,21.8,1.1, Jarrod Dyson,0.23,0.227,0.32,0.29600000000000004,0.281,0.273,34.0,ARI,452,7,0.313,0.633,0.059734513274336286,0.1902654867256637,0.0022123893805309734,0.004424778761061947,0.0,0.015486725663716814,2,1,0
162,17.2,39.7,88.9,93.7,398.0,37.7,6.1, Daniel Vogelbach,0.208,0.228,0.439,0.445,0.333,0.34600000000000003,26.0,SEA,558,30,0.341,0.78,0.13620071684587814,0.2670250896057348,0.0,0.0035842293906810036,0.0035842293906810036,0.053763440860215055,3,0,1
163,10.6,37.1,91.4,95.0,404.0,47.7,7.9, J.D. Davis,0.307,0.308,0.527,0.5479999999999999,0.374,0.383,26.0,NYM,453,22,0.369,0.895,0.12582781456953643,0.2141280353200883,0.0,0.004415011037527594,0.004415011037527594,0.04856512141280353,3,0,1
164,17.5,39.2,88.2,93.5,389.0,38.9,5.0, Scott Kingery,0.258,0.247,0.474,0.435,0.329,0.314,25.0,PHI,500,19,0.315,0.7879999999999999,0.11,0.294,0.002,0.004,0.002,0.038,3,0,1
165,13.3,28.4,86.5,91.1,391.0,34.9,2.5, Manuel Margot,0.234,0.234,0.387,0.337,0.29600000000000004,0.279,24.0,SDP,441,12,0.304,0.691,0.08390022675736962,0.19954648526077098,0.006802721088435374,0.0,0.0022675736961451248,0.027210884353741496,2,1,0
166,19.0,32.7,88.3,92.8,394.0,34.9,4.4, Brian Dozier,0.238,0.24,0.43,0.4320000000000001,0.329,0.331,32.0,WSN,482,20,0.34,0.7709999999999999,0.1037344398340249,0.21784232365145229,0.0,0.002074688796680498,0.004149377593360996,0.04149377593360996,2,1,0
167,16.8,37.5,90.3,93.7,401.0,39.5,6.8, Justin Smoak,0.208,0.25,0.406,0.495,0.32299999999999995,0.366,32.0,TOR,500,22,0.342,0.748,0.122,0.212,0.0,0.002,0.006,0.044,3,0,1
168,18.6,37.5,89.3,93.1,383.0,39.7,5.9, Kyle Seager,0.239,0.264,0.468,0.486,0.332,0.349,31.0,SEA,443,23,0.321,0.789,0.14221218961625282,0.19413092550790068,0.0,0.004514672686230248,0.0,0.05191873589164785,3,0,1
169,12.6,37.9,91.1,94.7,400.0,42.4,7.2, Ji-Man Choi,0.261,0.263,0.459,0.496,0.348,0.366,28.0,TBR,487,19,0.363,0.8220000000000001,0.1293634496919918,0.22176591375770022,0.0,0.014373716632443531,0.004106776180698152,0.039014373716632446,3,0,1
170,13.8,36.7,86.9,93.2,392.0,36.7,6.3, Brandon Drury,0.218,0.247,0.38,0.4270000000000001,0.271,0.305,26.0,TOR,447,15,0.262,0.642,0.09172259507829977,0.25279642058165547,0.0,0.006711409395973154,0.0,0.03355704697986577,3,0,1
171,15.0,32.5,89.1,94.3,396.0,41.1,5.8, Mark Canha,0.273,0.248,0.517,0.469,0.386,0.362,30.0,OAK,497,26,0.396,0.913,0.11670020120724346,0.2152917505030181,0.0,0.004024144869215292,0.002012072434607646,0.052313883299798795,2,1,0
172,10.7,36.0,89.9,94.3,404.0,43.5,5.9, James McCann,0.273,0.256,0.46,0.445,0.333,0.321,29.0,CHW,476,18,0.328,0.789,0.12605042016806722,0.28781512605042014,0.0021008403361344537,0.0,0.0021008403361344537,0.037815126050420166,3,0,1
173,8.8,33.7,89.4,93.1,400.0,39.3,4.5, Alex Verdugo,0.294,0.28800000000000003,0.475,0.452,0.341,0.331,23.0,LAD,377,12,0.342,0.8170000000000001,0.11671087533156499,0.129973474801061,0.0,0.015915119363395226,0.002652519893899204,0.03183023872679045,2,1,0
174,11.4,42.0,86.9,89.2,388.0,22.1,2.2, Luis Arraez,0.334,0.29,0.439,0.41,0.36,0.336,22.0,MIN,366,4,0.399,0.838,0.07650273224043716,0.07923497267759563,0.0,0.00819672131147541,0.00273224043715847,0.01092896174863388,3,0,1
175,9.6,37.5,84.8,88.2,361.0,19.7,0.0, Tony Wolters,0.262,0.244,0.329,0.316,0.29,0.281,27.0,COL,411,1,0.337,0.6659999999999999,0.10218978102189781,0.1654501216545012,0.004866180048661801,0.014598540145985401,0.012165450121654502,0.0024330900243309003,3,0,1
176,14.8,31.2,89.6,92.3,408.0,36.2,5.7, Anthony Santander,0.261,0.263,0.476,0.463,0.321,0.321,24.0,BAL,405,20,0.297,0.773,0.145679012345679,0.2123456790123457,0.0024691358024691358,0.007407407407407408,0.0,0.04938271604938271,2,1,0
177,6.4,29.1,90.1,94.5,409.0,40.9,3.8, David Peralta,0.275,0.249,0.461,0.379,0.338,0.301,31.0,ARI,423,12,0.343,0.804,0.1347517730496454,0.20567375886524822,0.0,0.002364066193853428,0.0070921985815602835,0.028368794326241134,2,1,0
178,18.1,37.2,87.2,91.9,406.0,31.1,4.7, Matt Carpenter,0.226,0.229,0.392,0.426,0.315,0.331,33.0,STL,492,15,0.334,0.726,0.09349593495934959,0.2621951219512195,0.0020325203252032522,0.01016260162601626,0.0,0.03048780487804878,3,0,1
179,19.1,32.2,89.9,94.6,413.0,39.4,7.1, Hunter Renfroe,0.21600000000000005,0.218,0.489,0.451,0.32,0.311,27.0,SDP,494,33,0.289,0.778,0.12955465587044535,0.3117408906882591,0.0,0.012145748987854251,0.0020242914979757085,0.06680161943319839,2,1,0
180,9.6,30.8,87.9,92.5,412.0,33.4,5.4, Adalberto Mondesi,0.263,0.237,0.424,0.38,0.298,0.282,23.0,KCR,443,9,0.29100000000000004,0.715,0.1399548532731377,0.2979683972911964,0.006772009029345372,0.013544018058690745,0.0,0.020316027088036117,2,1,0
181,11.0,36.9,91.6,94.4,411.0,48.3,8.9, Howie Kendrick,0.344,0.336,0.5720000000000001,0.622,0.4,0.419,35.0,WSN,370,17,0.395,0.966,0.16756756756756758,0.13243243243243244,0.0,0.013513513513513514,0.002702702702702703,0.04594594594594595,3,0,1
182,11.7,41.2,89.0,94.6,399.0,42.1,7.1, Domingo Santana,0.253,0.257,0.441,0.4920000000000001,0.326,0.34700000000000003,26.0,SEA,507,21,0.329,0.77,0.13609467455621302,0.3234714003944773,0.0,0.0039447731755424065,0.0019723865877712033,0.04142011834319527,3,0,1
183,17.6,38.9,87.3,91.1,397.0,33.3,3.9, Brian Goodwin,0.262,0.239,0.47,0.414,0.332,0.307,28.0,LAA,458,17,0.326,0.7959999999999999,0.10262008733624454,0.2816593886462882,0.002183406113537118,0.006550218340611353,0.004366812227074236,0.03711790393013101,3,0,1
184,12.8,39.9,89.7,95.4,410.0,40.4,7.5, Luke Voit,0.263,0.249,0.464,0.494,0.36,0.365,28.0,NYY,510,21,0.378,0.8420000000000001,0.12156862745098039,0.2784313725490196,0.0,0.00196078431372549,0.00392156862745098,0.041176470588235294,3,0,1
185,13.2,38.0,89.3,92.5,381.0,41.5,3.8, Niko Goodrum,0.248,0.241,0.421,0.393,0.316,0.304,27.0,DET,472,12,0.322,0.743,0.09533898305084745,0.2923728813559322,0.0,0.00423728813559322,0.00211864406779661,0.025423728813559324,3,0,1
186,10.7,33.7,87.9,93.3,388.0,36.5,1.9, Rio Ruiz,0.232,0.235,0.376,0.36,0.294,0.293,25.0,BAL,413,12,0.306,0.682,0.11138014527845036,0.21307506053268765,0.002421307506053269,0.004842615012106538,0.0,0.029055690072639227,2,1,0
187,8.2,31.0,85.2,90.9,408.0,27.5,3.6, Albert Almora Jr.,0.236,0.254,0.381,0.382,0.271,0.28,25.0,CHC,363,12,0.271,0.6509999999999999,0.0881542699724518,0.17079889807162535,0.013774104683195593,0.005509641873278237,0.011019283746556474,0.03305785123966942,2,1,0
188,7.2,30.4,88.7,92.0,403.0,39.3,2.8, Dwight Smith Jr,0.241,0.243,0.412,0.377,0.299,0.292,26.0,BAL,392,13,0.297,0.708,0.13520408163265307,0.20918367346938777,0.002551020408163265,0.01020408163265306,0.0,0.03316326530612245,2,1,0
189,4.7,33.3,90.8,96.4,404.0,44.8,6.9, Jorge Alfaro,0.262,0.25,0.425,0.455,0.312,0.319,26.0,MIA,465,18,0.312,0.736,0.12258064516129032,0.3311827956989247,0.0,0.004301075268817204,0.002150537634408602,0.03870967741935484,2,1,0
190,7.4,33.8,89.1,93.7,381.0,40.7,3.6, Jesse Winker,0.269,0.28300000000000003,0.473,0.458,0.35100000000000003,0.35200000000000004,25.0,CIN,384,16,0.35700000000000004,0.83,0.09895833333333333,0.15625,0.0,0.0,0.005208333333333333,0.041666666666666664,2,1,0
191,6.8,31.7,92.8,97.0,406.0,47.1,8.0, Shohei Ohtani,0.28600000000000003,0.282,0.505,0.486,0.35200000000000004,0.349,24.0,LAA,425,18,0.343,0.848,0.14588235294117646,0.25882352941176473,0.0,0.009411764705882352,0.002352941176470588,0.042352941176470586,2,1,0
192,12.6,32.5,89.1,92.6,395.0,40.6,5.6, Stephen Piscotty,0.249,0.253,0.412,0.444,0.306,0.32299999999999995,28.0,OAK,393,13,0.309,0.72,0.11195928753180662,0.21374045801526717,0.002544529262086514,0.007633587786259542,0.0,0.03307888040712468,2,1,0
193,11.0,32.0,87.5,92.0,390.0,37.3,5.3, Nick Senzel,0.256,0.243,0.4270000000000001,0.407,0.315,0.303,24.0,CIN,414,12,0.315,0.742,0.10144927536231885,0.24396135265700483,0.0,0.0024154589371980675,0.0,0.028985507246376812,2,1,0
194,7.9,36.5,86.3,91.6,389.0,28.2,2.7, Harold Castro,0.29100000000000004,0.265,0.384,0.377,0.292,0.28300000000000003,25.0,DET,369,5,0.305,0.6890000000000001,0.10298102981029811,0.23306233062330622,0.005420054200542005,0.01084010840108401,0.0,0.013550135501355014,3,0,1
195,17.2,29.7,88.2,91.8,390.0,34.8,4.7, Didi Gregorius,0.238,0.247,0.441,0.408,0.298,0.293,29.0,NYY,344,16,0.276,0.718,0.17732558139534885,0.15406976744186046,0.0,0.005813953488372093,0.0029069767441860465,0.046511627906976744,2,1,0
196,4.3,33.0,88.3,94.9,404.0,41.3,6.7, Roberto Perez,0.239,0.227,0.452,0.451,0.326,0.32299999999999995,30.0,CLE,449,24,0.321,0.774,0.1403118040089087,0.2828507795100223,0.015590200445434299,0.008908685968819599,0.0022271714922048997,0.053452115812917596,2,1,0
197,4.5,33.8,89.1,94.2,418.0,40.4,6.2, Garrett Cooper,0.282,0.269,0.447,0.464,0.337,0.34,28.0,MIA,421,15,0.344,0.7909999999999999,0.1187648456057007,0.26128266033254155,0.0,0.004750593824228029,0.0,0.035629453681710214,2,1,0
198,19.1,33.8,91.0,95.9,417.0,41.2,11.7, Gary Sanchez,0.232,0.247,0.525,0.552,0.34600000000000003,0.363,26.0,NYY,446,34,0.316,0.841,0.1726457399103139,0.2802690582959641,0.0,0.002242152466367713,0.006726457399103139,0.07623318385650224,2,1,0
199,19.0,37.1,86.9,91.6,402.0,33.7,4.8, Christin Stewart,0.233,0.242,0.388,0.425,0.294,0.314,25.0,DET,416,10,0.305,0.693,0.09615384615384616,0.24759615384615385,0.0,0.014423076923076924,0.007211538461538462,0.02403846153846154,3,0,1
200,14.6,33.8,90.0,93.6,405.0,39.7,5.4, Travis d'Arnaud,0.251,0.262,0.433,0.455,0.314,0.334,30.0,TOT,391,16,0.312,0.745,0.17647058823529413,0.21739130434782608,0.0,0.015345268542199489,0.0,0.04092071611253197,2,1,0
201,10.8,41.0,88.2,93.8,405.0,38.7,6.8, David Dahl,0.302,0.267,0.524,0.482,0.364,0.34,25.0,COL,413,15,0.353,0.877,0.14769975786924938,0.26634382566585957,0.004842615012106538,0.012106537530266344,0.0,0.03631961259079903,3,0,1
202,16.1,31.9,88.7,92.6,409.0,40.0,4.2, Danny Jansen,0.207,0.247,0.36,0.418,0.275,0.314,24.0,TOR,384,13,0.279,0.64,0.11197916666666667,0.20572916666666666,0.0026041666666666665,0.0026041666666666665,0.0026041666666666665,0.033854166666666664,2,1,0
203,11.1,32.7,88.9,96.7,408.0,40.8,6.1, Wil Myers,0.239,0.241,0.418,0.434,0.316,0.322,28.0,SDP,490,18,0.321,0.7390000000000001,0.10816326530612246,0.34285714285714286,0.0020408163265306124,0.0020408163265306124,0.0,0.036734693877551024,2,1,0
204,11.4,35.1,84.3,87.4,384.0,24.8,2.3, J.P. Crawford,0.226,0.237,0.371,0.337,0.29600000000000004,0.294,24.0,SEA,396,7,0.313,0.684,0.11616161616161616,0.20959595959595959,0.007575757575757576,0.007575757575757576,0.0,0.017676767676767676,3,0,1
205,9.1,31.0,86.7,90.6,411.0,29.9,3.9, Luis Rengifo,0.238,0.236,0.364,0.365,0.298,0.303,22.0,LAA,406,7,0.321,0.685,0.0812807881773399,0.229064039408867,0.0024630541871921183,0.007389162561576354,0.0,0.017241379310344827,2,1,0
206,18.5,36.9,88.7,94.6,406.0,42.9,7.3, Mike Yastrzemski,0.272,0.258,0.518,0.51,0.353,0.344,28.0,SFG,411,21,0.334,0.852,0.13381995133819952,0.26034063260340634,0.0024330900243309003,0.0072992700729927005,0.0024330900243309003,0.051094890510948905,3,0,1
207,10.6,34.1,82.9,90.9,384.0,24.3,1.5, Delino DeShields,0.249,0.232,0.34700000000000003,0.32299999999999995,0.295,0.28,26.0,TEX,408,4,0.325,0.672,0.0784313725490196,0.24509803921568626,0.0196078431372549,0.004901960784313725,0.0,0.00980392156862745,2,1,0
208,14.1,37.4,87.1,90.6,387.0,32.8,4.0, Tommy Edman,0.304,0.28800000000000003,0.5,0.443,0.35700000000000004,0.331,24.0,STL,349,11,0.35,0.85,0.10315186246418338,0.17478510028653296,0.0,0.0,0.0,0.03151862464183381,3,0,1
209,15.5,30.6,91.1,96.2,401.0,42.3,6.7, Teoscar Hernandez,0.23,0.219,0.472,0.446,0.325,0.311,26.0,TOR,464,26,0.306,0.778,0.1400862068965517,0.3297413793103448,0.0,0.0021551724137931034,0.0021551724137931034,0.05603448275862069,2,1,0
210,11.7,40.6,86.2,89.1,402.0,31.0,4.5, Neil Walker,0.261,0.271,0.395,0.433,0.319,0.339,33.0,MIA,381,8,0.344,0.738,0.09973753280839895,0.2020997375328084,0.0,0.0026246719160104987,0.0026246719160104987,0.02099737532808399,3,0,1
211,14.6,31.9,87.5,91.0,393.0,33.1,3.1, Jake Bauers,0.226,0.224,0.371,0.35200000000000004,0.29600000000000004,0.29,23.0,CLE,423,12,0.312,0.6829999999999999,0.1016548463356974,0.2718676122931442,0.0,0.0070921985815602835,0.0,0.028368794326241134,2,1,0
212,7.3,31.2,88.3,94.7,408.0,41.5,7.3, Willson Contreras,0.272,0.25,0.5329999999999999,0.476,0.368,0.342,27.0,CHC,409,24,0.355,0.888,0.15647921760391198,0.24938875305623473,0.0,0.004889975550122249,0.004889975550122249,0.05867970660146699,2,1,0
213,17.0,38.6,89.5,93.2,399.0,40.2,6.9, Brandon Dixon,0.248,0.24,0.435,0.442,0.303,0.306,27.0,DET,420,15,0.29,0.725,0.12380952380952381,0.3238095238095238,0.0,0.009523809523809525,0.0,0.03571428571428571,3,0,1
214,18.6,36.4,90.7,93.4,396.0,43.8,5.2, Eric Thames,0.247,0.226,0.505,0.4370000000000001,0.354,0.325,32.0,MIL,459,25,0.34600000000000003,0.851,0.1328976034858388,0.30501089324618735,0.0,0.004357298474945534,0.008714596949891068,0.054466230936819175,3,0,1
215,12.9,40.3,85.2,90.1,399.0,32.4,3.6, Chris Taylor,0.262,0.238,0.462,0.396,0.331,0.301,28.0,LAD,414,12,0.333,0.794,0.12560386473429952,0.2777777777777778,0.004830917874396135,0.012077294685990338,0.007246376811594203,0.028985507246376812,3,0,1
216,17.0,34.9,83.7,89.1,382.0,24.4,2.3, Josh Phegley,0.239,0.249,0.411,0.374,0.29100000000000004,0.287,31.0,OAK,342,12,0.282,0.693,0.18128654970760233,0.18421052631578946,0.005847953216374269,0.014619883040935672,0.0,0.03508771929824561,2,1,0
217,8.8,32.7,90.5,95.8,405.0,43.5,5.7, Chad Pinder,0.24,0.254,0.416,0.441,0.298,0.315,27.0,OAK,370,13,0.29,0.706,0.12702702702702703,0.23783783783783785,0.002702702702702703,0.008108108108108109,0.0,0.03513513513513514,2,1,0
218,14.0,37.0,90.7,94.5,406.0,41.8,8.3, Rowdy Tellez,0.227,0.251,0.449,0.476,0.308,0.332,24.0,TOR,409,21,0.293,0.742,0.13202933985330073,0.28361858190709044,0.0,0.007334963325183374,0.007334963325183374,0.05134474327628362,3,0,1
219,6.8,36.6,88.6,93.6,412.0,39.3,4.8, Jose Martinez,0.269,0.272,0.41,0.466,0.32299999999999995,0.343,30.0,STL,373,10,0.34,0.7509999999999999,0.1126005361930295,0.21983914209115282,0.0,0.005361930294906166,0.0,0.02680965147453083,3,0,1
220,11.7,26.8,87.4,93.5,383.0,32.9,5.1, Martin Maldonado,0.213,0.222,0.378,0.395,0.28800000000000003,0.302,32.0,TOT,374,12,0.293,0.6709999999999999,0.07219251336898395,0.22994652406417113,0.0053475935828877,0.00267379679144385,0.00267379679144385,0.03208556149732621,1,0,0
221,5.7,34.0,91.7,97.0,389.0,44.8,7.5, Yandy Diaz,0.267,0.28300000000000003,0.476,0.489,0.341,0.35700000000000004,27.0,TBR,347,14,0.34,0.816,0.10951008645533142,0.17579250720461095,0.0,0.011527377521613832,0.002881844380403458,0.040345821325648415,2,1,0
222,16.5,36.3,86.2,92.9,395.0,37.0,4.6, Robinson Chirinos,0.238,0.21600000000000005,0.443,0.4,0.336,0.316,35.0,HOU,437,17,0.34700000000000003,0.79,0.13272311212814644,0.28604118993135014,0.004576659038901602,0.011441647597254004,0.002288329519450801,0.038901601830663615,3,0,1
223,13.8,33.8,89.3,93.1,402.0,37.7,4.9, Jesus Aguilar,0.236,0.246,0.389,0.443,0.307,0.334,29.0,TOT,369,12,0.325,0.7140000000000001,0.13550135501355012,0.21951219512195122,0.0,0.018970189701897018,0.0,0.032520325203252036,2,1,0
224,11.4,39.9,95.9,99.5,396.0,57.1,10.7, Aaron Judge,0.272,0.281,0.54,0.58,0.382,0.401,27.0,NYY,447,27,0.381,0.921,0.12304250559284116,0.31543624161073824,0.0,0.0022371364653243847,0.008948545861297539,0.06040268456375839,3,0,1
225,13.9,29.8,90.5,93.8,398.0,39.9,5.6, A.J. Pollock,0.266,0.265,0.468,0.459,0.333,0.334,31.0,LAD,342,15,0.327,0.795,0.13742690058479531,0.21637426900584794,0.0,0.011695906432748537,0.0029239766081871343,0.043859649122807015,2,1,0
226,15.6,32.9,88.0,92.2,399.0,33.8,3.6, Jeimer Candelario,0.203,0.229,0.337,0.364,0.28300000000000003,0.302,25.0,DET,386,8,0.306,0.643,0.08290155440414508,0.25647668393782386,0.0,0.0025906735751295338,0.0025906735751295338,0.02072538860103627,2,1,0
227,14.3,40.3,89.0,92.5,399.0,40.4,5.8, Carson Kelly,0.245,0.247,0.478,0.466,0.339,0.337,24.0,ARI,365,18,0.348,0.826,0.12876712328767123,0.21643835616438356,0.0,0.0027397260273972603,0.0273972602739726,0.049315068493150684,3,0,1
228,12.9,35.7,87.2,92.0,402.0,33.6,5.9, Pedro Severino,0.249,0.269,0.42,0.446,0.316,0.337,25.0,BAL,341,13,0.321,0.74,0.12903225806451613,0.21407624633431085,0.002932551319648094,0.005865102639296188,0.0,0.03812316715542522,3,0,1
229,11.6,34.0,86.1,90.3,380.0,27.9,1.9, Tucker Barnhart,0.231,0.221,0.38,0.326,0.301,0.28,28.0,CIN,364,11,0.328,0.708,0.10989010989010989,0.22802197802197802,0.0027472527472527475,0.0027472527472527475,0.019230769230769232,0.03021978021978022,2,1,0
230,12.8,33.3,78.3,83.2,,7.3,0.0, Billy Hamilton,0.218,0.233,0.275,0.271,0.251,0.261,28.0,TOT,353,0,0.289,0.564,0.042492917847025496,0.24645892351274787,0.0084985835694051,0.0056657223796034,0.0028328611898017,0.0,2,1,0
231,20.1,44.2,88.7,91.8,392.0,40.1,4.9, Cavan Biggio,0.234,0.24,0.429,0.426,0.343,0.345,24.0,TOR,430,16,0.364,0.7929999999999999,0.11162790697674418,0.28604651162790695,0.0,0.004651162790697674,0.0,0.037209302325581395,3,0,1
232,13.2,31.3,86.6,94.2,412.0,35.3,5.7, Harrison Bader,0.205,0.219,0.366,0.408,0.293,0.316,25.0,STL,406,12,0.314,0.68,0.0960591133004926,0.2881773399014778,0.0024630541871921183,0.0049261083743842365,0.009852216748768473,0.029556650246305417,2,1,0
233,14.1,33.6,90.2,95.6,409.0,44.8,7.6, Lourdes Gurriel Jr.,0.277,0.258,0.541,0.51,0.358,0.342,25.0,TOR,343,20,0.327,0.8690000000000001,0.1457725947521866,0.25072886297376096,0.0029154518950437317,0.008746355685131196,0.0,0.05830903790087463,2,1,0
234,13.0,29.9,90.5,95.8,403.0,43.7,5.7, Ryan O'Hearn,0.195,0.227,0.369,0.411,0.279,0.308,25.0,KCR,370,14,0.281,0.65,0.10270270270270271,0.26756756756756755,0.0,0.005405405405405406,0.002702702702702703,0.03783783783783784,2,1,0
235,17.9,32.0,87.6,91.6,406.0,36.1,4.5, Yan Gomes,0.223,0.221,0.389,0.397,0.298,0.304,31.0,WSN,358,12,0.316,0.7040000000000001,0.12011173184357542,0.2346368715083799,0.0,0.002793296089385475,0.01675977653631285,0.0335195530726257,2,1,0
236,3.4,29.4,84.7,88.8,389.0,26.5,1.6, Greg Garcia,0.248,0.222,0.354,0.303,0.319,0.295,29.0,SDP,372,4,0.364,0.718,0.08333333333333333,0.22311827956989247,0.002688172043010753,0.005376344086021506,0.002688172043010753,0.010752688172043012,2,1,0
237,6.9,33.5,89.6,95.8,405.0,44.1,8.1, Fernando Tatis Jr.,0.317,0.259,0.59,0.49,0.398,0.345,20.0,SDP,372,22,0.379,0.969,0.1424731182795699,0.2956989247311828,0.0,0.008064516129032258,0.002688172043010753,0.05913978494623656,2,1,0
238,15.3,33.6,91.1,97.2,400.0,50.0,9.7, Mitch Garver,0.273,0.256,0.63,0.573,0.405,0.38,28.0,MIN,359,31,0.365,0.995,0.18662952646239556,0.24233983286908078,0.0,0.005571030640668524,0.0,0.08635097493036212,2,1,0
239,10.5,33.5,85.7,91.0,392.0,30.4,2.2, Stevie Wilkerson,0.225,0.202,0.383,0.317,0.28600000000000003,0.255,27.0,BAL,361,10,0.28600000000000003,0.669,0.09695290858725762,0.29916897506925205,0.002770083102493075,0.00554016620498615,0.0,0.027700831024930747,2,1,0
240,15.9,36.0,94.4,99.6,415.0,57.2,10.7, Miguel Sano,0.247,0.234,0.5760000000000001,0.544,0.379,0.363,26.0,MIN,439,34,0.34600000000000003,0.923,0.17995444191343962,0.3621867881548975,0.0,0.002277904328018223,0.0,0.0774487471526196,3,0,1
241,18.7,38.5,88.1,92.9,393.0,34.8,4.4, Curtis Granderson,0.183,0.21600000000000005,0.35600000000000004,0.389,0.275,0.305,38.0,MIA,363,12,0.281,0.637,0.09366391184573003,0.2699724517906336,0.0,0.005509641873278237,0.0027548209366391185,0.03305785123966942,3,0,1
242,13.4,39.8,92.2,96.6,411.0,48.9,10.3, Yordan Alvarez,0.313,0.289,0.655,0.602,0.4320000000000001,0.41,22.0,HOU,369,27,0.412,1.067,0.21138211382113822,0.25474254742547425,0.0,0.005420054200542005,0.01084010840108401,0.07317073170731707,3,0,1
243,12.0,32.3,88.8,93.7,419.0,34.5,6.5, Michael Chavis,0.254,0.222,0.444,0.413,0.32299999999999995,0.298,23.0,BOS,382,18,0.322,0.7659999999999999,0.1518324607329843,0.3324607329842932,0.0,0.0,0.005235602094240838,0.04712041884816754,2,1,0
244,12.3,40.6,89.3,92.8,399.0,39.2,3.3, Logan Forsythe,0.227,0.242,0.353,0.41,0.298,0.32299999999999995,32.0,TEX,367,7,0.325,0.6779999999999999,0.10626702997275204,0.2724795640326976,0.0,0.005449591280653951,0.0,0.01907356948228883,3,0,1
245,7.7,34.9,89.7,93.1,404.0,36.3,3.4, David Bote,0.257,0.251,0.422,0.385,0.336,0.322,26.0,CHC,356,11,0.362,0.785,0.1151685393258427,0.2612359550561798,0.0,0.0056179775280898875,0.011235955056179775,0.03089887640449438,2,1,0
246,10.1,36.4,88.2,91.2,398.0,38.0,2.2, Ben Gamel,0.248,0.235,0.373,0.349,0.308,0.301,27.0,MIL,356,7,0.337,0.71,0.09269662921348315,0.29213483146067415,0.0,0.0056179775280898875,0.0056179775280898875,0.019662921348314606,3,0,1
247,16.0,38.0,91.4,95.1,402.0,50.0,8.3, Keston Hiura,0.303,0.266,0.57,0.53,0.388,0.36,22.0,MIL,348,19,0.368,0.938,0.14080459770114942,0.3074712643678161,0.0,0.0028735632183908046,0.0028735632183908046,0.05459770114942529,3,0,1
248,20.4,32.0,85.8,92.0,403.0,32.5,4.9, Austin Hedges,0.17600000000000002,0.198,0.311,0.35100000000000003,0.242,0.266,26.0,SDP,347,11,0.252,0.563,0.1037463976945245,0.31412103746397696,0.005763688760806916,0.002881844380403458,0.008645533141210375,0.03170028818443804,2,1,0
249,14.1,39.8,89.1,93.1,390.0,39.2,5.1, Chris Davis,0.179,0.206,0.326,0.3720000000000001,0.263,0.292,33.0,BAL,352,12,0.276,0.601,0.10227272727272728,0.39488636363636365,0.0,0.008522727272727272,0.002840909090909091,0.03409090909090909,3,0,1
