,player_id,attempts,avg_hit_angle,anglesweetspotpercent,max_hit_speed,avg_hit_speed,fbld,gb,max_distance,avg_distance,avg_hr_distance,ev95plus,ev95percent,barrels,brl_percent,brl_pa,full_name,year,pa,bip,ba,est_ba,est_ba_minus_ba_diff,slg,est_slg,est_slg_minus_slg_diff,woba,est_woba,est_woba_minus_woba_diff,Rk,Age,Tm,Lg,G,PAâ–¼,AB,R,H,2B,3B,HR,RBI,SB,CS,BB,SO,BA,OBP,SLG,OPS,OPS+,TB,GDP,HBP,SH,SF,IBB,Pos Summary
0,593160,559,15.3,42.4,104.8,86.4,90.6,81.4,434,183,392.0,161,28.9,24,4.3,3.3, Whit Merrifield,2019,735,559,0.302,0.28800000000000003,0.013999999999999999,0.46299999999999997,0.435,0.027999999999999997,0.34,0.325,0.015,2,30.0,KCR,AL,162,735,681,105,206,41,10,16,74,20,10,45,126,0.302,0.348,0.46299999999999997,0.8109999999999999,112.0,315,8,5,0,4,5,498/D37
1,543760,556,14.7,34.7,108.2,88.8,93.2,85.3,438,182,401.0,207,37.8,47,8.5,6.3, Marcus Semien,2019,747,556,0.285,0.275,0.01,0.522,0.495,0.027000000000000003,0.373,0.36200000000000004,0.011000000000000001,1,28.0,OAK,AL,162,747,657,123,187,43,7,33,92,10,8,87,102,0.285,0.369,0.522,0.892,138.0,343,11,2,0,1,2,*6
2,516770,534,10.9,29.6,113.3,88.6,91.5,87.4,438,161,399.0,201,37.7,33,6.2,4.9, Starlin Castro,2019,676,534,0.27,0.268,0.002,0.436,0.43200000000000005,0.004,0.307,0.31,-0.003,21,29.0,MIA,NL,162,676,636,68,172,31,4,22,86,2,2,28,111,0.27,0.3,0.436,0.736,94.0,277,23,3,0,9,2,*45/6
3,664058,534,9.8,38.4,104.5,83.7,86.6,82.3,413,162,375.0,89,16.9,2,0.4,0.3, David Fletcher,2019,653,534,0.29,0.302,-0.012,0.384,0.38,0.004,0.318,0.32299999999999995,-0.005,41,25.0,LAA,AL,154,653,596,83,173,30,4,6,49,8,3,55,64,0.29,0.35,0.384,0.7340000000000001,97.0,229,8,0,1,1,2,5467/9
4,645277,532,15.6,36.8,110.8,88.8,91.4,86.1,444,190,394.0,178,33.5,35,6.6,5.0, Ozzie Albies,2019,702,532,0.295,0.29100000000000004,0.004,0.5,0.49,0.01,0.354,0.35100000000000003,0.003,8,22.0,ATL,NL,160,702,640,102,189,43,8,24,86,15,4,54,112,0.295,0.35200000000000004,0.5,0.852,114.0,320,2,4,0,4,6,*4
5,646240,531,10.3,33.1,115.0,92.1,96.3,89.3,458,176,403.0,252,47.5,48,9.0,6.8, Rafael Devers,2019,702,531,0.311,0.295,0.016,0.555,0.519,0.036000000000000004,0.377,0.36,0.017,9,22.0,BOS,AL,156,702,647,129,201,54,4,32,115,8,8,48,119,0.311,0.361,0.555,0.9159999999999999,133.0,359,8,4,1,2,7,*5/D6
6,607680,529,13.9,33.1,111.7,86.0,90.8,83.1,440,162,400.0,162,30.7,26,4.9,4.0, Kevin Pillar,2019,645,529,0.259,0.263,-0.004,0.43200000000000005,0.40700000000000003,0.025,0.298,0.295,0.003,45,30.0,TOT,MLB,161,645,611,83,158,37,3,21,88,14,5,18,89,0.259,0.287,0.43200000000000005,0.7190000000000001,89.0,264,15,9,0,7,4,*89/D
7,593871,524,17.9,41.8,108.2,87.0,91.7,80.4,424,208,393.0,171,33.0,35,6.7,5.0, Jorge Polanco,2019,704,524,0.295,0.27899999999999997,0.016,0.485,0.469,0.016,0.35200000000000004,0.344,0.008,7,25.0,MIN,AL,153,704,631,107,186,40,7,22,79,4,3,60,116,0.295,0.35600000000000004,0.485,0.841,120.0,306,11,4,2,7,2,*6D
8,518934,517,6.7,36.6,111.1,91.7,95.2,89.3,446,160,386.0,243,47.2,39,7.5,6.0, DJ LeMahieu,2019,655,517,0.327,0.322,0.005,0.518,0.529,-0.011000000000000001,0.375,0.379,-0.004,37,30.0,NYY,AL,145,655,602,109,197,33,2,26,102,5,2,46,90,0.327,0.375,0.518,0.893,136.0,312,14,2,1,4,0,453/D
9,514917,516,9.3,32.0,108.4,85.7,88.5,84.9,424,147,391.0,146,28.3,14,2.7,2.1, Cesar Hernandez,2019,667,516,0.27899999999999997,0.273,0.006,0.408,0.37799999999999995,0.03,0.315,0.303,0.012,23,29.0,PHI,NL,161,667,612,77,171,31,3,14,71,9,2,45,100,0.27899999999999997,0.33299999999999996,0.408,0.741,91.0,250,9,6,0,4,4,*4
10,500871,516,18.3,38.6,106.9,87.8,91.1,83.8,433,212,393.0,162,31.5,36,7.0,5.2, Eduardo Escobar,2019,699,516,0.26899999999999996,0.258,0.011000000000000001,0.511,0.46799999999999997,0.043,0.341,0.327,0.013999999999999999,10,30.0,ARI,NL,158,699,636,94,171,29,10,35,118,5,1,50,130,0.26899999999999996,0.32,0.511,0.831,111.0,325,8,3,0,10,3,*54/D
11,462101,514,7.1,32.5,110.2,88.2,90.7,87.2,447,151,402.0,176,34.4,18,3.5,2.8, Elvis Andrus,2019,648,514,0.275,0.271,0.004,0.39299999999999996,0.39799999999999996,-0.005,0.3,0.307,-0.006999999999999999,42,30.0,TEX,AL,147,648,600,81,165,27,4,12,72,31,8,34,96,0.275,0.313,0.39299999999999996,0.7070000000000001,78.0,236,16,4,0,10,1,*6/D
12,488726,513,10.6,38.4,108.9,88.7,92.5,86.5,438,165,394.0,187,37.4,30,5.8,4.7, Michael Brantley,2019,637,513,0.311,0.303,0.008,0.503,0.49,0.013000000000000001,0.36700000000000005,0.36200000000000004,0.005,46,32.0,HOU,AL,148,637,575,88,179,40,2,22,90,3,2,51,66,0.311,0.37200000000000005,0.503,0.875,126.0,289,21,7,0,4,3,*7D/9
13,596019,507,11.9,29.8,113.5,90.6,93.7,89.5,437,174,397.0,205,40.6,38,7.5,5.8, Francisco Lindor,2019,654,507,0.284,0.276,0.008,0.518,0.462,0.055999999999999994,0.349,0.33,0.019,39,25.0,CLE,AL,143,654,598,101,170,40,2,32,74,22,5,46,98,0.284,0.335,0.518,0.8540000000000001,118.0,310,13,3,1,6,9,*6/D
14,516416,507,7.0,31.0,113.1,88.0,90.6,87.5,427,149,389.0,166,32.7,16,3.2,2.6, Jean Segura,2019,618,507,0.28,0.278,0.002,0.42,0.406,0.013999999999999999,0.315,0.314,0.001,57,29.0,PHI,NL,144,618,576,79,161,37,4,12,60,10,2,30,73,0.28,0.32299999999999995,0.42,0.743,90.0,242,11,8,1,3,1,*6
15,493329,505,14.5,34.3,110.6,89.3,91.4,90.4,450,173,387.0,185,37.5,19,3.8,3.1, Yuli Gurriel,2019,612,505,0.298,0.284,0.013999999999999999,0.541,0.42200000000000004,0.11900000000000001,0.364,0.322,0.042,63,35.0,HOU,AL,144,612,564,85,168,40,2,31,104,5,3,37,65,0.298,0.34299999999999997,0.541,0.884,126.0,305,12,5,0,6,2,*35/4D
16,605141,505,19.1,39.4,109.3,91.0,94.2,88.0,438,206,391.0,235,46.6,52,10.3,7.4, Mookie Betts,2019,706,505,0.295,0.311,-0.016,0.524,0.573,-0.049,0.38,0.408,-0.027999999999999997,5,26.0,BOS,AL,150,706,597,135,176,40,5,29,80,16,3,97,101,0.295,0.391,0.524,0.915,135.0,313,11,3,0,9,6,*98/D
17,571448,503,17.7,34.6,109.9,89.4,92.9,87.9,482,192,406.0,188,37.4,40,8.0,6.0, Nolan Arenado,2019,662,503,0.315,0.272,0.043,0.583,0.484,0.099,0.392,0.344,0.048,27,28.0,COL,NL,155,662,588,102,185,31,2,41,118,3,2,62,93,0.315,0.379,0.583,0.9620000000000001,129.0,343,14,4,0,8,11,*5
18,593428,498,13.1,35.3,112.4,90.6,94.0,88.5,451,183,398.0,217,43.7,43,8.6,6.2, Xander Bogaerts,2019,698,498,0.309,0.28,0.028999999999999998,0.555,0.484,0.071,0.39,0.358,0.032,11,26.0,BOS,AL,155,698,614,110,190,52,0,33,117,4,2,76,122,0.309,0.384,0.555,0.9390000000000001,140.0,341,11,2,0,6,2,*6/D
19,642708,497,8.8,35.6,110.3,89.2,91.7,87.8,428,160,396.0,193,39.1,21,4.2,3.2, Amed Rosario,2019,655,497,0.287,0.29100000000000004,-0.004,0.43200000000000005,0.423,0.009000000000000001,0.318,0.32,-0.002,38,23.0,NYM,NL,157,655,616,75,177,30,7,15,72,19,10,31,124,0.287,0.32299999999999995,0.43200000000000005,0.755,102.0,266,13,3,2,3,2,*6/D7
20,547989,492,10.9,35.2,117.9,92.1,96.1,89.7,462,168,405.0,237,48.2,63,12.8,9.1, Jose Abreu,2019,693,492,0.284,0.28300000000000003,0.001,0.503,0.52,-0.017,0.344,0.359,-0.015,12,32.0,CHW,AL,159,693,634,85,180,38,1,33,123,2,2,36,152,0.284,0.33,0.503,0.8340000000000001,119.0,319,24,13,0,10,4,*3D
21,606466,485,11.5,34.6,116.3,89.8,93.5,87.3,482,174,407.0,194,40.0,45,9.3,7.2, Ketel Marte,2019,628,485,0.32899999999999996,0.299,0.03,0.5920000000000001,0.521,0.071,0.405,0.37,0.035,53,25.0,ARI,NL,144,628,569,97,187,36,9,32,92,10,2,53,86,0.32899999999999996,0.389,0.5920000000000001,0.981,149.0,337,7,4,0,2,2,846
22,624428,484,12.1,36.4,106.1,86.3,89.5,83.9,423,174,391.0,134,28.0,9,1.9,1.5, Adam Frazier,2019,608,484,0.278,0.275,0.003,0.41700000000000004,0.39899999999999997,0.018000000000000002,0.32,0.315,0.005,66,27.0,PIT,NL,152,608,554,80,154,33,7,10,50,5,5,40,75,0.278,0.336,0.41700000000000004,0.753,99.0,231,6,9,4,1,4,*4
23,592696,482,16.7,33.4,108.6,89.1,93.9,84.8,433,188,392.0,172,36.0,41,8.5,6.9, Eddie Rosario,2019,590,482,0.276,0.26899999999999996,0.006999999999999999,0.5,0.501,-0.001,0.32899999999999996,0.33,-0.001,76,27.0,MIN,AL,137,590,562,91,155,28,1,32,109,3,1,22,86,0.276,0.3,0.5,0.8,106.0,281,10,0,0,6,2,*79/8D
24,453568,481,14.5,36.8,110.6,88.5,92.8,84.5,464,189,412.0,193,40.1,40,8.3,6.3, Charlie Blackmon,2019,634,481,0.314,0.294,0.02,0.5760000000000001,0.52,0.055999999999999994,0.387,0.36200000000000004,0.025,47,32.0,COL,NL,140,634,580,112,182,42,7,32,86,2,5,40,104,0.314,0.364,0.5760000000000001,0.94,123.0,334,11,9,0,5,1,*9/D
25,593643,480,10.7,32.7,103.6,82.8,86.6,80.4,418,156,395.0,88,18.3,14,2.9,2.5, Hanser Alberto,2019,550,480,0.305,0.29,0.015,0.42200000000000004,0.397,0.025,0.318,0.303,0.015,97,26.0,BAL,AL,139,550,524,62,160,21,2,12,51,4,4,16,50,0.305,0.32899999999999996,0.42200000000000004,0.7509999999999999,98.0,221,9,4,3,3,1,45/7D19
26,608324,479,19.6,36.5,107.4,89.3,92.3,88.0,440,202,382.0,175,37.5,26,5.4,3.8, Alex Bregman,2019,690,479,0.29600000000000004,0.272,0.024,0.5920000000000001,0.47100000000000003,0.121,0.418,0.37799999999999995,0.04,15,25.0,HOU,AL,156,690,554,122,164,37,2,41,112,5,1,119,83,0.29600000000000004,0.423,0.5920000000000001,1.015,162.0,328,9,9,0,8,2,56/D
27,592206,475,13.9,40.0,111.2,89.0,93.9,83.3,436,197,394.0,195,41.4,53,11.2,8.0, Nicholas Castellanos,2019,664,475,0.289,0.28300000000000003,0.006,0.525,0.547,-0.022000000000000002,0.358,0.364,-0.006,25,27.0,TOT,MLB,151,664,615,100,178,58,3,27,73,2,2,41,143,0.289,0.337,0.525,0.863,121.0,323,12,5,0,3,1,*9D7
28,518692,472,14.5,40.3,112.0,89.7,93.9,85.1,446,192,404.0,199,42.3,59,12.5,8.5, Freddie Freeman,2019,692,472,0.295,0.292,0.003,0.5489999999999999,0.5710000000000001,-0.022000000000000002,0.387,0.39399999999999996,-0.006999999999999999,14,29.0,ATL,NL,158,692,597,113,176,34,2,38,121,6,3,87,127,0.295,0.389,0.5489999999999999,0.938,136.0,328,17,6,0,2,11,*3
29,542340,472,7.0,30.3,114.0,87.7,92.8,85.2,456,157,412.0,175,37.1,32,6.8,4.5, Jonathan Villar,2019,714,472,0.27399999999999997,0.249,0.025,0.45299999999999996,0.41200000000000003,0.040999999999999995,0.335,0.313,0.022000000000000002,4,28.0,BAL,AL,162,714,642,111,176,33,5,24,73,40,9,61,176,0.27399999999999997,0.33899999999999997,0.45299999999999996,0.792,109.0,291,8,4,2,4,0,*46/D
30,594809,472,13.2,33.9,110.7,86.6,91.6,83.1,444,180,392.0,161,34.2,18,3.8,2.7, Adam Eaton,2019,656,472,0.27899999999999997,0.27699999999999997,0.002,0.428,0.423,0.005,0.342,0.34,0.002,35,30.0,WSN,NL,151,656,566,103,158,25,7,15,49,15,3,65,106,0.27899999999999997,0.365,0.428,0.792,101.0,242,8,13,9,3,0,*9/7
31,543685,468,19.5,38.7,107.7,90.4,93.5,88.3,431,208,398.0,218,46.6,56,12.0,8.7, Anthony Rendon,2019,646,468,0.319,0.319,0.0,0.598,0.599,-0.001,0.413,0.418,-0.005,44,29.0,WSN,NL,146,646,545,117,174,44,3,34,126,5,1,80,86,0.319,0.41200000000000003,0.598,1.01,153.0,326,13,12,0,9,8,*5/4
32,467793,467,11.8,29.1,112.8,91.8,93.5,91.9,426,171,396.0,209,44.9,45,9.6,6.6, Carlos Santana,2019,686,467,0.281,0.268,0.013000000000000001,0.515,0.485,0.03,0.38,0.36700000000000005,0.013000000000000001,16,33.0,CLE,AL,158,686,573,110,161,30,1,34,93,4,0,108,108,0.281,0.397,0.515,0.9109999999999999,136.0,295,13,3,0,2,12,*3D
33,641820,464,7.8,36.4,113.9,90.3,95.8,85.7,438,172,404.0,198,42.7,48,10.3,7.1, Trey Mancini,2019,679,464,0.29100000000000004,0.28300000000000003,0.008,0.535,0.511,0.024,0.373,0.364,0.009000000000000001,19,27.0,BAL,AL,154,679,602,106,175,38,2,35,97,1,0,63,143,0.29100000000000004,0.364,0.535,0.899,135.0,322,22,9,0,5,3,93D/7
34,460086,463,9.0,33.7,110.6,88.2,92.4,84.7,454,169,399.0,174,37.8,25,5.4,3.9, Alex Gordon,2019,633,463,0.266,0.261,0.005,0.396,0.43,-0.034,0.319,0.332,-0.013000000000000001,49,35.0,KCR,AL,150,633,556,77,148,31,1,13,76,5,3,51,100,0.266,0.345,0.396,0.741,96.0,220,13,19,1,6,4,*7/D1
35,592518,462,13.0,31.2,112.6,91.2,94.5,91.6,455,178,400.0,202,43.7,37,8.0,5.6, Manny Machado,2019,661,462,0.256,0.266,-0.01,0.462,0.466,-0.004,0.335,0.342,-0.006999999999999999,30,26.0,SDP,NL,156,661,587,81,150,21,2,32,85,5,3,65,128,0.256,0.33399999999999996,0.462,0.7959999999999999,109.0,271,24,6,0,3,3,*56
36,543333,461,2.1,29.1,114.3,90.5,94.1,88.6,431,137,402.0,212,46.0,33,7.2,4.9, Eric Hosmer,2019,667,461,0.265,0.259,0.006,0.425,0.418,0.006999999999999999,0.309,0.308,0.001,24,29.0,SDP,NL,160,667,619,72,164,29,2,22,99,0,3,40,163,0.265,0.31,0.425,0.735,93.0,263,12,3,0,5,3,*3/D
37,456715,460,6.6,31.3,110.4,89.4,91.6,89.0,433,148,403.0,190,42.1,19,4.1,3.0, Lorenzo Cain,2019,623,460,0.26,0.29,-0.03,0.37200000000000005,0.41200000000000003,-0.04,0.302,0.33,-0.027999999999999997,55,33.0,MIL,NL,148,623,562,75,146,30,0,11,48,18,8,50,106,0.26,0.325,0.37200000000000005,0.6970000000000001,81.0,209,14,6,0,4,0,*8
38,605113,456,7.5,35.7,108.3,87.5,91.8,84.0,443,161,410.0,154,33.8,30,6.6,4.8, Nick Ahmed,2019,625,456,0.254,0.257,-0.003,0.43700000000000006,0.42200000000000004,0.015,0.315,0.318,-0.003,54,29.0,ARI,NL,158,625,556,79,141,33,6,19,82,8,2,52,113,0.254,0.316,0.43700000000000006,0.753,93.0,243,15,4,1,12,2,*6
39,641355,455,17.6,40.0,110.6,90.7,95.0,85.4,442,207,405.0,205,45.5,59,13.0,8.9, Cody Bellinger,2019,661,455,0.304,0.32299999999999995,-0.019,0.628,0.638,-0.01,0.414,0.429,-0.015,29,23.0,LAD,NL,156,661,558,121,170,34,3,47,115,15,5,95,108,0.305,0.406,0.629,1.035,169.0,351,10,3,0,4,21,*938
40,544725,452,4.8,30.1,108.5,86.6,90.6,84.0,431,141,408.0,133,29.5,17,3.8,2.8, Leury Garcia,2019,618,452,0.27899999999999997,0.247,0.032,0.37799999999999995,0.35200000000000004,0.026000000000000002,0.295,0.27399999999999997,0.021,56,28.0,CHW,AL,140,618,577,93,161,27,3,8,40,15,5,21,139,0.27899999999999997,0.31,0.37799999999999995,0.688,84.0,218,6,6,11,3,0,*8976/45D
41,516782,451,7.4,31.9,111.6,87.4,93.8,83.0,455,159,404.0,170,38.5,37,8.2,6.3, Starling Marte,2019,586,451,0.295,0.304,-0.009000000000000001,0.503,0.511,-0.008,0.353,0.361,-0.008,81,30.0,PIT,NL,132,586,539,97,159,31,6,23,82,25,6,25,94,0.295,0.342,0.503,0.845,120.0,271,15,16,2,4,1,*8
42,502054,445,5.1,29.7,113.3,90.8,95.3,88.2,458,149,406.0,199,44.8,35,7.9,5.4, Tommy Pham,2019,654,445,0.273,0.27699999999999997,-0.004,0.45,0.462,-0.012,0.349,0.35700000000000004,-0.008,40,31.0,TBR,AL,145,654,567,77,155,33,2,21,68,25,4,81,123,0.273,0.369,0.45,0.818,119.0,255,22,5,0,1,4,*7D
43,502210,445,15.6,36.6,107.7,86.0,89.0,84.7,436,174,386.0,126,29.2,15,3.4,2.7, Josh Reddick,2019,550,445,0.275,0.27699999999999997,-0.002,0.409,0.397,0.012,0.308,0.313,-0.005,99,32.0,HOU,AL,141,550,501,57,138,19,3,14,56,5,2,36,66,0.275,0.319,0.409,0.728,89.0,205,9,0,1,9,1,*97/83D
44,502110,442,12.5,41.9,112.6,91.3,95.0,87.6,434,191,402.0,206,46.7,53,12.0,8.1, J.D. Martinez,2019,657,442,0.304,0.309,-0.005,0.557,0.579,-0.022000000000000002,0.386,0.4,-0.013999999999999999,34,31.0,BOS,AL,146,657,575,98,175,33,2,36,105,2,0,72,138,0.304,0.38299999999999995,0.557,0.9390000000000001,140.0,320,19,4,0,5,9,D97
45,657557,440,18.5,33.4,111.7,87.0,92.8,82.0,462,192,410.0,146,34.0,38,8.6,5.7, Paul DeJong,2019,664,440,0.233,0.237,-0.004,0.444,0.439,0.005,0.322,0.325,-0.003,26,25.0,STL,NL,159,664,583,97,136,31,1,30,78,9,5,62,149,0.233,0.318,0.444,0.762,97.0,259,15,13,0,6,1,*6
46,660670,439,14.2,40.5,115.9,90.6,95.6,84.8,466,191,418.0,206,46.9,66,15.0,9.2, Ronald Acuna Jr.,2019,715,439,0.28,0.27899999999999997,0.001,0.518,0.5720000000000001,-0.054000000000000006,0.369,0.386,-0.017,3,21.0,ATL,NL,156,715,626,127,175,22,2,41,101,37,9,76,188,0.28,0.365,0.518,0.883,122.0,324,8,9,0,1,4,*879
47,656305,439,16.3,25.5,114.4,92.6,97.1,90.8,453,185,408.0,210,48.7,54,12.3,8.1, Matt Chapman,2019,670,439,0.249,0.255,-0.006,0.506,0.505,0.001,0.354,0.36,-0.006,22,26.0,OAK,AL,156,670,583,102,145,36,3,36,91,1,1,73,147,0.249,0.342,0.506,0.848,126.0,295,12,11,0,3,0,*5
48,578428,437,7.0,30.9,107.7,84.0,87.5,82.8,423,136,389.0,101,23.9,11,2.5,2.1, Jose Iglesias,2019,530,437,0.28800000000000003,0.272,0.016,0.40700000000000003,0.369,0.038,0.306,0.289,0.017,117,29.0,CIN,NL,146,530,504,62,145,21,3,11,59,6,6,20,70,0.28800000000000003,0.318,0.40700000000000003,0.7240000000000001,85.0,205,17,3,1,2,3,*6
49,643446,436,13.2,33.9,107.2,88.4,92.2,86.1,444,172,393.0,159,36.6,21,4.8,3.7, Jeff McNeil,2019,567,436,0.318,0.29,0.027999999999999997,0.531,0.47200000000000003,0.059000000000000004,0.385,0.355,0.03,89,27.0,NYM,NL,133,567,510,83,162,38,1,23,75,5,6,35,75,0.318,0.384,0.531,0.9159999999999999,144.0,271,5,21,0,1,2,7945
50,621028,434,8.1,33.4,107.1,84.7,87.9,82.7,426,150,399.0,105,24.4,9,2.1,1.7, Kevin Newman,2019,531,434,0.308,0.29100000000000004,0.017,0.446,0.389,0.057,0.34,0.312,0.027999999999999997,115,25.0,PIT,NL,130,531,493,61,152,20,6,12,64,16,8,28,62,0.308,0.353,0.446,0.8,111.0,220,5,7,2,1,2,64/57
51,502671,434,15.3,36.6,111.5,90.1,94.5,86.2,464,198,411.0,182,42.4,49,11.3,7.2, Paul Goldschmidt,2019,682,434,0.26,0.262,-0.002,0.47600000000000003,0.513,-0.037000000000000005,0.34600000000000003,0.361,-0.015,17,31.0,STL,NL,161,682,597,97,155,25,1,34,97,3,1,78,166,0.26,0.34600000000000003,0.47600000000000003,0.821,113.0,284,11,2,0,3,2,*3
52,405395,431,12.4,26.7,112.3,88.3,92.3,87.2,438,167,403.0,154,36.3,26,6.0,4.8, Albert Pujols,2019,545,431,0.244,0.253,-0.009000000000000001,0.43,0.433,-0.003,0.308,0.319,-0.011000000000000001,109,39.0,LAA,AL,131,545,491,55,120,22,0,23,93,3,0,43,68,0.244,0.305,0.43,0.7340000000000001,94.0,211,21,3,0,8,1,3D/5
53,596146,429,18.2,31.0,112.5,89.7,92.9,88.8,438,194,392.0,177,41.7,38,8.9,6.4, Max Kepler,2019,596,429,0.252,0.262,-0.01,0.519,0.45799999999999996,0.061,0.355,0.342,0.013000000000000001,73,26.0,MIN,AL,134,596,524,98,132,32,0,36,90,1,5,60,99,0.252,0.336,0.519,0.855,122.0,272,5,8,0,4,0,*98/D
54,519203,429,12.4,37.1,113.4,88.8,92.5,86.5,472,176,401.0,158,37.0,30,7.0,4.9, Anthony Rizzo,2019,613,429,0.293,0.3,-0.006999999999999999,0.52,0.49700000000000005,0.023,0.39,0.39,0.0,62,29.0,CHC,NL,146,613,512,89,150,29,3,27,94,5,2,71,86,0.293,0.405,0.52,0.924,137.0,266,15,27,0,3,3,*3
55,519058,427,17.1,32.6,112.9,89.3,93.8,86.5,459,192,402.0,172,40.7,44,10.3,7.5, Mike Moustakas,2019,584,427,0.254,0.263,-0.009000000000000001,0.516,0.505,0.011000000000000001,0.348,0.349,-0.001,83,30.0,MIL,NL,143,584,523,80,133,30,1,35,87,3,0,53,98,0.254,0.32899999999999996,0.516,0.845,114.0,270,12,6,0,2,5,54/D
56,500743,427,8.8,31.9,109.2,87.1,89.3,85.7,415,155,399.0,121,28.3,11,2.6,2.1, Miguel Rojas,2019,526,427,0.284,0.275,0.009000000000000001,0.379,0.373,0.006,0.305,0.303,0.002,119,30.0,MIA,NL,132,526,483,52,137,29,1,5,46,9,5,32,62,0.284,0.331,0.379,0.71,90.0,183,15,5,1,5,2,*6/34
57,624577,426,14.2,31.2,114.4,89.9,94.1,88.0,455,182,410.0,162,39.1,41,9.6,6.7, Yasiel Puig,2019,611,426,0.267,0.266,0.001,0.45799999999999996,0.46399999999999997,-0.006,0.33,0.33399999999999996,-0.004,64,28.0,TOT,MLB,149,611,555,76,148,30,2,24,84,19,7,44,133,0.267,0.327,0.45799999999999996,0.785,100.0,254,13,8,0,4,1,*9/D
58,545341,425,16.2,31.3,112.6,89.3,93.9,87.1,469,178,401.0,169,39.8,36,8.5,5.7, Randal Grichuk,2019,628,425,0.23199999999999998,0.237,-0.005,0.457,0.426,0.031,0.307,0.3,0.006999999999999999,52,27.0,TOR,AL,151,628,586,75,136,29,5,31,80,2,1,35,163,0.23199999999999998,0.28,0.457,0.738,93.0,268,20,5,0,2,0,*98D
59,650402,424,17.4,38.2,109.6,89.0,92.8,86.0,438,192,397.0,151,35.8,43,10.1,7.1, Gleyber Torres,2019,604,424,0.278,0.262,0.016,0.535,0.49700000000000005,0.038,0.359,0.341,0.018000000000000002,68,22.0,NYY,AL,144,604,546,96,152,26,0,38,90,5,2,48,129,0.278,0.337,0.535,0.871,128.0,292,10,3,1,6,3,64/D
60,592663,423,14.4,35.0,112.9,90.3,94.4,87.7,456,186,393.0,173,40.9,37,8.7,6.2, J.T. Realmuto,2019,593,423,0.275,0.278,-0.003,0.493,0.474,0.019,0.34,0.342,-0.002,74,28.0,PHI,NL,145,593,538,92,148,36,3,25,83,9,1,41,123,0.275,0.32799999999999996,0.493,0.82,108.0,265,12,5,0,8,2,*2/3D
61,514888,422,8.8,29.4,109.3,86.1,92.8,81.9,448,151,396.0,142,34.5,34,8.1,6.2, Jose Altuve,2019,548,422,0.298,0.282,0.016,0.55,0.49200000000000005,0.057999999999999996,0.374,0.35,0.024,104,29.0,HOU,AL,124,548,500,89,149,27,3,31,74,6,5,41,82,0.298,0.353,0.55,0.903,131.0,275,19,3,1,3,0,*4/D6
62,624413,417,14.8,37.4,118.3,90.6,96.5,85.9,474,189,414.0,174,42.3,66,15.8,9.5, Pete Alonso,2019,693,417,0.26,0.257,0.003,0.583,0.542,0.040999999999999995,0.384,0.374,0.01,13,24.0,NYM,NL,161,693,597,103,155,30,2,53,120,1,0,72,183,0.26,0.358,0.583,0.941,148.0,348,13,21,0,3,6,*3/D
63,645302,417,14.5,34.5,110.5,81.0,88.6,73.7,446,163,401.0,96,23.0,20,4.8,3.2, Victor Robles,2019,617,417,0.255,0.233,0.022000000000000002,0.419,0.37,0.049,0.317,0.292,0.025,58,22.0,WSN,NL,155,617,546,86,139,33,3,17,65,28,9,35,140,0.255,0.326,0.419,0.745,88.0,229,6,25,6,5,3,*89
64,596115,417,17.3,36.5,111.8,90.9,93.8,90.0,459,197,414.0,191,45.8,36,8.6,5.5, Trevor Story,2019,656,417,0.294,0.264,0.03,0.5539999999999999,0.46299999999999997,0.091,0.38,0.33899999999999997,0.040999999999999995,36,26.0,COL,NL,145,656,588,111,173,38,5,35,85,23,8,58,174,0.294,0.363,0.5539999999999999,0.917,118.0,326,3,7,0,3,0,*6
65,665742,416,12.0,36.3,112.8,91.3,97.0,85.1,443,191,403.0,199,47.8,51,12.3,7.7, Juan Soto,2019,659,416,0.282,0.285,-0.003,0.5479999999999999,0.5760000000000001,-0.027999999999999997,0.39399999999999996,0.40700000000000003,-0.013000000000000001,33,20.0,WSN,NL,150,659,542,110,153,32,5,34,110,12,1,108,132,0.282,0.401,0.5479999999999999,0.9490000000000001,138.0,297,11,3,0,6,3,*7
66,605137,416,13.0,34.9,116.2,92.3,96.1,89.8,474,186,411.0,193,47.1,53,12.7,8.6, Josh Bell,2019,613,416,0.27699999999999997,0.28300000000000003,-0.006,0.569,0.556,0.013000000000000001,0.379,0.381,-0.002,61,26.0,PIT,NL,143,613,527,94,146,37,3,37,116,0,1,74,118,0.27699999999999997,0.36700000000000005,0.569,0.9359999999999999,143.0,300,11,5,0,7,13,*3/D
67,624585,415,15.4,34.7,115.7,92.6,97.2,88.8,465,199,414.0,207,49.9,70,16.9,10.3, Jorge Soler,2019,679,415,0.265,0.27699999999999997,-0.012,0.569,0.593,-0.024,0.37799999999999995,0.392,-0.013999999999999999,20,27.0,KCR,AL,162,679,589,95,156,33,1,48,117,3,1,73,178,0.265,0.354,0.569,0.922,138.0,335,16,10,0,4,3,D9
68,520471,415,14.2,31.8,105.6,88.2,91.3,86.0,434,177,388.0,150,36.1,23,5.5,3.9, Freddy Galvis,2019,589,415,0.26,0.237,0.023,0.43799999999999994,0.386,0.052000000000000005,0.307,0.27899999999999997,0.027999999999999997,77,29.0,TOT,MLB,147,589,557,67,145,28,1,23,70,4,2,28,145,0.26,0.29600000000000004,0.43799999999999994,0.7340000000000001,92.0,244,14,1,1,2,1,*64/D
69,608070,414,19.8,32.6,112.1,89.1,91.8,87.4,431,199,397.0,148,35.7,26,6.3,4.8, Jose Ramirez,2019,542,414,0.255,0.27399999999999997,-0.019,0.479,0.465,0.013999999999999999,0.335,0.342,-0.006999999999999999,111,26.0,CLE,AL,129,542,482,68,123,33,3,23,83,24,4,52,74,0.255,0.327,0.479,0.8059999999999999,106.0,231,8,2,0,6,3,*5/D
70,607208,410,9.7,29.8,113.5,90.3,93.1,89.5,453,158,408.0,170,41.5,28,6.8,4.9, Trea Turner,2019,569,410,0.298,0.281,0.017,0.49700000000000005,0.45299999999999996,0.044000000000000004,0.35600000000000004,0.336,0.02,87,26.0,WSN,NL,122,569,521,96,155,37,5,19,57,35,5,43,113,0.298,0.353,0.49700000000000005,0.85,113.0,259,10,3,0,2,2,*6
71,643217,409,17.3,40.1,107.7,88.6,91.9,86.1,436,193,389.0,154,37.7,33,8.1,5.4, Andrew Benintendi,2019,615,409,0.266,0.267,-0.001,0.431,0.461,-0.03,0.33,0.34,-0.01,60,24.0,BOS,AL,138,615,541,72,144,40,5,13,68,10,3,59,140,0.266,0.34299999999999997,0.431,0.774,100.0,233,6,7,3,5,1,*78/D
72,467092,407,0.0,26.0,111.0,90.0,93.7,88.8,427,119,390.0,171,42.2,19,4.7,3.6, Wilson Ramos,2019,524,407,0.28800000000000003,0.263,0.025,0.41600000000000004,0.402,0.013999999999999999,0.327,0.311,0.016,120,31.0,NYM,NL,141,524,473,52,136,19,0,14,73,1,0,44,69,0.28800000000000003,0.35100000000000003,0.41600000000000004,0.768,107.0,197,16,4,0,3,5,*2/D
73,518792,406,11.1,32.3,111.8,88.6,91.3,87.7,427,168,391.0,147,36.5,24,5.9,4.1, Jason Heyward,2019,589,406,0.251,0.26899999999999996,-0.018000000000000002,0.429,0.41600000000000004,0.013000000000000001,0.32799999999999996,0.33299999999999996,-0.005,78,29.0,CHC,NL,147,589,513,78,129,20,4,21,62,8,3,68,110,0.251,0.34299999999999997,0.429,0.772,98.0,220,12,5,0,3,5,*98
74,543939,406,10.6,29.1,107.7,83.6,89.1,80.0,432,164,396.0,101,25.1,10,2.5,1.8, Kolten Wong,2019,549,406,0.285,0.259,0.026000000000000002,0.423,0.368,0.055,0.33399999999999996,0.308,0.026000000000000002,103,28.0,STL,NL,148,549,478,61,136,25,4,11,59,24,4,47,83,0.285,0.361,0.423,0.784,106.0,202,2,13,6,5,5,*4
75,458015,405,15.0,40.7,109.5,88.8,91.4,85.8,425,194,399.0,149,37.7,28,6.9,4.6, Joey Votto,2019,608,405,0.261,0.256,0.005,0.41100000000000003,0.442,-0.031,0.332,0.34299999999999997,-0.011000000000000001,67,35.0,CIN,NL,142,608,525,79,137,32,1,15,47,5,0,76,123,0.261,0.35700000000000004,0.41100000000000003,0.768,98.0,216,14,4,0,3,2,*3/D7
76,624424,405,15.7,36.0,112.2,88.8,93.7,82.4,452,194,402.0,158,39.3,48,11.9,7.4, Michael Conforto,2019,648,405,0.257,0.262,-0.005,0.494,0.504,-0.01,0.358,0.36700000000000005,-0.009000000000000001,43,26.0,NYM,NL,151,648,549,90,141,29,1,33,92,7,2,84,149,0.257,0.363,0.494,0.856,128.0,271,11,10,0,5,5,*98
77,474832,403,21.9,41.4,106.6,86.4,91.3,80.0,434,216,389.0,144,35.8,35,8.7,5.7, Brandon Belt,2019,616,403,0.23399999999999999,0.245,-0.011000000000000001,0.40299999999999997,0.457,-0.054000000000000006,0.319,0.34600000000000003,-0.027000000000000003,59,31.0,SFG,NL,156,616,526,76,123,32,3,17,57,4,3,83,127,0.23399999999999999,0.33899999999999997,0.40299999999999997,0.742,98.0,212,6,3,0,4,3,*37/D9
78,656555,403,24.0,31.0,111.0,89.7,94.0,86.3,429,209,388.0,156,38.7,39,9.7,5.5, Rhys Hoskins,2019,705,403,0.226,0.221,0.005,0.45399999999999996,0.426,0.027999999999999997,0.34700000000000003,0.342,0.005,6,26.0,PHI,NL,160,705,570,86,129,33,5,29,85,2,2,116,173,0.226,0.364,0.45399999999999996,0.8190000000000001,110.0,259,10,11,0,6,6,*3/D
79,600524,402,20.0,32.1,114.8,89.9,94.0,88.2,450,194,413.0,163,40.6,43,10.7,7.2, Renato Nunez,2019,599,402,0.244,0.252,-0.008,0.46,0.469,-0.009000000000000001,0.32299999999999995,0.331,-0.008,72,25.0,BAL,AL,151,599,541,72,132,24,0,31,90,1,1,44,143,0.244,0.311,0.46,0.7709999999999999,101.0,249,9,10,0,4,1,*D3/57
80,592178,400,19.3,36.0,111.4,87.4,92.3,83.1,445,190,403.0,135,34.1,37,9.3,5.8, Kris Bryant,2019,634,400,0.282,0.24600000000000002,0.036000000000000004,0.521,0.46,0.061,0.38,0.34700000000000003,0.033,48,27.0,CHC,NL,147,634,543,108,153,35,1,31,77,4,0,74,145,0.282,0.382,0.521,0.903,131.0,283,10,15,0,2,1,*597/3D
81,640457,399,16.7,38.1,115.4,90.4,94.7,85.8,447,205,399.0,171,42.9,50,12.5,8.5, Austin Meadows,2019,591,399,0.29100000000000004,0.284,0.006999999999999999,0.5579999999999999,0.547,0.011000000000000001,0.38,0.37200000000000005,0.008,75,24.0,TBR,AL,138,591,530,83,154,29,7,33,89,12,7,54,131,0.29100000000000004,0.364,0.5579999999999999,0.922,143.0,296,3,7,0,0,6,9D7/8
82,425783,399,8.7,32.1,111.8,91.3,96.7,87.5,461,161,410.0,195,49.0,35,8.8,5.3, Shin-Soo Choo,2019,660,399,0.265,0.26,0.005,0.455,0.469,-0.013999999999999999,0.353,0.35600000000000004,-0.003,31,36.0,TEX,AL,151,660,563,93,149,31,2,24,61,15,1,78,165,0.265,0.371,0.455,0.826,109.0,256,6,18,0,1,3,D97
83,547180,399,13.1,37.6,116.4,91.3,96.9,84.9,466,196,411.0,182,45.6,59,14.8,8.7, Bryce Harper,2019,682,399,0.26,0.27899999999999997,-0.019,0.51,0.5479999999999999,-0.038,0.366,0.387,-0.021,18,26.0,PHI,NL,157,682,573,98,149,36,1,35,114,15,3,99,178,0.26,0.37200000000000005,0.51,0.882,125.0,292,10,6,0,4,11,*9/D
84,605412,397,12.3,33.8,106.2,86.3,89.6,84.3,414,171,390.0,101,25.6,8,2.0,1.6, Joe Panik,2019,491,397,0.244,0.251,-0.006999999999999999,0.336,0.373,-0.037000000000000005,0.284,0.304,-0.02,144,28.0,TOT,NL,142,491,438,50,107,21,2,5,39,4,2,43,47,0.244,0.315,0.336,0.6509999999999999,75.0,147,6,4,2,4,2,*4
85,457759,396,17.6,38.9,107.7,90.2,93.1,87.7,433,202,401.0,168,43.0,31,7.8,5.6, Justin Turner,2019,549,396,0.29,0.28800000000000003,0.002,0.509,0.517,-0.008,0.37,0.37799999999999995,-0.008,102,34.0,LAD,NL,135,549,479,80,139,24,0,27,67,2,0,51,88,0.29,0.37200000000000005,0.509,0.8809999999999999,131.0,244,11,14,0,5,1,*5/D4
86,518626,396,13.3,33.3,114.2,92.9,98.1,89.0,443,184,406.0,198,50.0,62,15.7,9.4, Josh Donaldson,2019,659,396,0.259,0.26899999999999996,-0.01,0.521,0.536,-0.015,0.377,0.387,-0.01,32,33.0,ATL,NL,155,659,549,96,142,33,0,37,94,4,2,100,155,0.259,0.379,0.521,0.9,127.0,286,13,8,0,2,2,*5/D
87,608369,395,14.1,35.4,109.7,88.8,93.2,84.1,441,189,403.0,148,37.9,29,7.3,5.4, Corey Seager,2019,541,395,0.272,0.261,0.011000000000000001,0.483,0.46399999999999997,0.019,0.34,0.332,0.008,112,25.0,LAD,NL,134,541,489,82,133,44,1,19,87,1,0,44,98,0.272,0.335,0.483,0.8170000000000001,113.0,236,8,4,0,4,3,*6
88,606115,393,6.3,27.5,109.9,87.5,91.5,85.1,434,149,393.0,119,30.8,18,4.6,3.3, Orlando Arcia,2019,546,393,0.223,0.23199999999999998,-0.009000000000000001,0.35,0.36700000000000005,-0.017,0.26899999999999996,0.284,-0.015,107,24.0,MIL,NL,152,546,494,51,110,16,1,15,59,8,5,43,109,0.223,0.28300000000000003,0.35,0.633,64.0,173,15,1,2,6,5,*6
89,594777,392,14.7,36.2,110.1,89.3,95.0,83.5,440,189,403.0,164,42.6,44,11.2,7.0, Kole Calhoun,2019,632,392,0.23199999999999998,0.247,-0.015,0.467,0.47700000000000004,-0.01,0.33,0.34,-0.01,50,31.0,LAA,AL,152,632,552,92,128,29,1,33,74,4,1,70,162,0.23199999999999998,0.325,0.467,0.792,108.0,258,14,7,0,2,7,*9/8
90,553993,392,17.8,39.3,112.3,89.4,93.2,86.1,457,195,400.0,157,40.8,55,14.0,8.3, Eugenio Suarez,2019,662,392,0.271,0.248,0.023,0.5720000000000001,0.503,0.069,0.381,0.355,0.026000000000000002,28,27.0,CIN,NL,159,662,575,87,156,22,2,49,103,3,2,70,189,0.271,0.358,0.5720000000000001,0.93,134.0,329,12,11,0,6,4,*5/D
91,641313,391,8.7,37.6,107.8,88.3,90.7,86.7,440,167,398.0,146,37.3,20,5.1,3.9, Tim Anderson,2019,518,391,0.335,0.294,0.040999999999999995,0.508,0.461,0.047,0.363,0.32799999999999996,0.035,124,26.0,CHW,AL,123,518,498,81,167,32,0,18,56,17,5,15,109,0.335,0.35700000000000004,0.508,0.865,129.0,253,12,3,0,2,0,*6/D
92,408234,390,12.2,38.5,111.4,90.3,92.4,89.1,453,172,396.0,173,44.6,25,6.4,4.6, Miguel Cabrera,2019,549,390,0.282,0.273,0.009000000000000001,0.39799999999999996,0.44299999999999995,-0.045,0.318,0.332,-0.013999999999999999,100,36.0,DET,AL,136,549,493,41,139,21,0,12,59,0,0,48,108,0.282,0.34600000000000003,0.39799999999999996,0.7440000000000001,96.0,196,18,3,0,5,4,D3
93,570560,389,12.8,32.1,107.5,85.6,88.9,83.5,392,165,354.0,105,27.1,4,1.0,0.7, Yolmer Sanchez,2019,555,389,0.252,0.237,0.015,0.321,0.32,0.001,0.281,0.276,0.005,96,27.0,CHW,AL,149,555,496,59,125,20,4,2,43,5,4,44,117,0.252,0.318,0.321,0.638,73.0,159,7,5,7,3,1,*4
94,543063,387,8.4,36.7,106.7,87.5,92.8,83.5,443,161,401.0,136,35.1,21,5.4,3.8, Brandon Crawford,2019,560,387,0.228,0.24100000000000002,-0.013000000000000001,0.35,0.4,-0.05,0.281,0.306,-0.025,92,32.0,SFG,NL,147,560,500,58,114,24,2,11,59,3,2,53,117,0.228,0.304,0.35,0.654,75.0,175,10,3,0,4,5,*6
95,595777,387,14.2,30.2,108.2,86.7,91.7,83.8,425,171,387.0,116,30.9,24,6.2,4.6, Jurickson Profar,2019,518,387,0.218,0.251,-0.033,0.41,0.426,-0.016,0.301,0.32299999999999995,-0.022000000000000002,125,26.0,OAK,AL,139,518,459,65,100,24,2,20,67,9,1,48,75,0.218,0.301,0.41,0.711,90.0,188,12,8,0,3,2,*4/D73
96,430945,387,13.5,31.3,108.5,86.0,90.2,84.3,441,166,405.0,117,30.2,26,6.7,4.9, Adam Jones,2019,528,387,0.26,0.257,0.003,0.414,0.429,-0.015,0.308,0.314,-0.006,118,33.0,ARI,NL,137,528,485,66,126,25,1,16,67,2,1,31,101,0.26,0.313,0.414,0.728,87.0,201,15,8,0,3,2,*9/8
97,543877,387,12.9,38.2,107.4,88.7,92.7,85.3,443,185,387.0,149,38.5,24,6.2,4.6, Christian Vazquez,2019,521,387,0.276,0.254,0.022000000000000002,0.47700000000000004,0.447,0.03,0.331,0.316,0.015,122,28.0,BOS,AL,138,521,482,66,133,26,1,23,72,4,2,33,101,0.276,0.32,0.47700000000000004,0.7979999999999999,103.0,230,17,0,3,3,3,*2D3/54
98,458731,386,13.6,29.3,109.7,87.2,91.7,84.7,430,165,382.0,121,31.4,16,4.1,2.9, Brett Gardner,2019,550,386,0.251,0.242,0.009000000000000001,0.503,0.37200000000000005,0.131,0.344,0.301,0.043,98,35.0,NYY,AL,141,550,491,86,123,26,7,28,74,10,2,52,108,0.251,0.325,0.503,0.8290000000000001,117.0,247,6,4,0,3,0,*87/D
99,642715,382,10.0,36.1,110.9,87.8,93.1,83.0,462,166,396.0,135,35.5,32,8.4,5.5, Willy Adames,2019,584,382,0.254,0.249,0.005,0.418,0.433,-0.015,0.313,0.315,-0.002,82,23.0,TBR,AL,152,584,531,69,135,25,1,20,52,4,2,46,153,0.254,0.317,0.418,0.735,95.0,222,9,3,3,1,1,*6
100,543401,381,13.1,33.3,107.1,86.7,91.2,82.3,449,179,393.0,130,34.4,21,5.5,4.1, Jason Kipnis,2019,511,381,0.245,0.261,-0.016,0.41,0.418,-0.008,0.301,0.316,-0.015,129,32.0,CLE,AL,121,511,458,52,112,23,1,17,65,7,2,40,88,0.245,0.304,0.41,0.715,84.0,188,7,2,5,6,2,*4/D
101,641531,380,16.7,35.8,115.1,91.1,94.2,89.2,453,201,401.0,162,42.6,38,10.0,6.5, Hunter Dozier,2019,586,380,0.27899999999999997,0.261,0.018000000000000002,0.522,0.47100000000000003,0.051,0.36,0.337,0.023,80,27.0,KCR,AL,139,586,523,75,146,29,10,26,84,2,2,55,148,0.27899999999999997,0.348,0.522,0.87,125.0,273,9,3,0,5,2,59D/3
102,518735,379,13.9,37.7,111.3,90.3,94.9,86.6,442,187,400.0,156,41.8,43,11.3,6.8, Yasmani Grandal,2019,632,379,0.24600000000000002,0.24,0.006,0.46799999999999997,0.474,-0.006,0.361,0.363,-0.002,51,30.0,MIL,NL,153,632,513,79,126,26,2,28,77,5,1,109,139,0.24600000000000002,0.38,0.46799999999999997,0.848,119.0,240,16,5,0,5,2,*23/D
103,656941,379,15.0,35.6,117.6,92.7,97.9,88.5,473,197,406.0,193,51.2,55,14.5,9.0, Kyle Schwarber,2019,610,379,0.25,0.267,-0.017,0.531,0.5529999999999999,-0.022000000000000002,0.35700000000000004,0.375,-0.018000000000000002,65,26.0,CHC,NL,155,610,529,82,132,29,3,38,92,2,3,70,156,0.25,0.33899999999999997,0.531,0.871,120.0,281,6,5,0,6,5,*7/D2
104,595879,377,7.6,36.3,114.1,91.0,96.1,86.5,460,172,404.0,163,43.6,48,12.7,8.6, Javier Baez,2019,561,377,0.281,0.27,0.011000000000000001,0.531,0.503,0.027999999999999997,0.34700000000000003,0.33399999999999996,0.013000000000000001,91,26.0,CHC,NL,138,561,531,89,149,38,4,29,85,11,7,28,156,0.281,0.316,0.531,0.847,113.0,282,16,0,0,2,3,*6/D5
105,572233,375,14.8,34.1,112.4,91.1,95.2,88.0,447,181,411.0,181,48.4,49,13.1,8.1, Christian Walker,2019,603,375,0.259,0.263,-0.004,0.47600000000000003,0.516,-0.04,0.34600000000000003,0.36200000000000004,-0.016,69,28.0,ARI,NL,152,603,529,86,137,26,1,29,73,8,1,67,155,0.259,0.348,0.47600000000000003,0.825,111.0,252,11,6,0,1,6,*3/D
106,665489,375,6.7,30.9,118.9,89.4,93.2,88.2,451,157,418.0,144,38.4,29,7.7,5.6, Vladimir Guerrero Jr.,2019,514,375,0.272,0.263,0.009000000000000001,0.433,0.43700000000000006,-0.004,0.32899999999999996,0.33,-0.001,127,20.0,TOR,AL,123,514,464,52,126,26,2,15,69,0,1,46,91,0.272,0.33899999999999997,0.433,0.772,106.0,201,17,2,0,2,0,5D
107,592885,374,11.2,33.2,117.9,93.1,96.7,90.6,462,184,407.0,182,49.1,59,15.8,10.2, Christian Yelich,2019,580,374,0.32899999999999996,0.313,0.016,0.6709999999999999,0.622,0.049,0.442,0.42,0.022000000000000002,85,27.0,MIL,NL,130,580,489,100,161,29,3,44,97,30,2,80,118,0.32899999999999996,0.429,0.6709999999999999,1.1,179.0,328,8,8,0,3,16,*9/7D8
108,668804,373,9.4,37.5,112.1,89.6,92.5,87.5,424,170,401.0,153,41.7,25,6.7,4.6, Bryan Reynolds,2019,546,373,0.314,0.29600000000000004,0.018000000000000002,0.503,0.47600000000000003,0.027000000000000003,0.371,0.35700000000000004,0.013999999999999999,108,24.0,PIT,NL,134,546,491,83,154,37,4,16,68,3,2,46,121,0.314,0.377,0.503,0.88,131.0,247,9,6,0,3,0,*798
109,542303,372,13.5,33.6,115.3,91.8,96.3,88.5,455,179,403.0,179,49.2,47,12.6,8.6, Marcell Ozuna,2019,549,372,0.24100000000000002,0.28800000000000003,-0.047,0.47200000000000003,0.5479999999999999,-0.076,0.336,0.382,-0.046,101,28.0,STL,NL,130,549,485,80,117,23,1,29,89,12,2,62,114,0.24100000000000002,0.32799999999999996,0.47200000000000003,0.8,107.0,229,21,1,0,1,2,*7
110,605480,372,7.2,29.6,105.7,84.3,88.6,82.3,398,144,378.0,73,19.8,8,2.2,1.4, Mallex Smith,2019,566,372,0.22699999999999998,0.21899999999999997,0.008,0.335,0.297,0.038,0.278,0.265,0.013000000000000001,90,26.0,SEA,AL,134,566,510,70,116,19,9,6,37,46,9,42,141,0.22699999999999998,0.3,0.335,0.635,74.0,171,7,11,2,1,0,*89/7D
111,543807,370,10.3,33.0,114.3,89.8,95.3,85.6,467,177,408.0,160,44.8,53,14.3,9.5, George Springer,2019,556,370,0.292,0.287,0.005,0.591,0.578,0.013000000000000001,0.401,0.39799999999999996,0.003,95,29.0,HOU,AL,122,556,479,96,140,20,3,39,96,6,2,67,113,0.292,0.38299999999999995,0.591,0.9740000000000001,150.0,283,12,6,0,4,1,*89D
112,502517,368,14.8,36.7,106.4,86.3,89.2,84.1,427,180,388.0,103,28.1,9,2.4,1.9, Daniel Murphy,2019,478,368,0.27899999999999997,0.25,0.028999999999999998,0.452,0.371,0.081,0.32799999999999996,0.29,0.038,155,34.0,COL,NL,132,478,438,56,122,35,1,13,78,1,1,32,74,0.27899999999999997,0.32799999999999996,0.452,0.78,87.0,198,10,2,0,4,1,*3/D4
113,541645,367,9.8,34.1,116.2,89.5,95.2,86.4,471,166,415.0,148,40.3,43,11.7,8.1, Avisail Garcia,2019,530,367,0.282,0.275,0.006999999999999999,0.46399999999999997,0.494,-0.03,0.33399999999999996,0.342,-0.008,116,28.0,TBR,AL,125,530,489,61,138,25,2,20,72,10,4,31,125,0.282,0.332,0.46399999999999997,0.7959999999999999,111.0,227,15,7,0,3,2,9D8
114,425877,366,13.8,42.1,106.2,87.4,91.7,83.5,429,178,399.0,124,34.7,14,3.8,3.1, Yadier Molina,2019,452,366,0.27,0.275,-0.005,0.39899999999999997,0.44299999999999995,-0.044000000000000004,0.303,0.325,-0.022000000000000002,170,36.0,STL,NL,113,452,419,45,113,24,0,10,57,6,0,23,58,0.27,0.312,0.39899999999999997,0.711,85.0,167,14,5,0,5,0,*2/35
115,621020,365,14.2,36.7,108.4,89.8,93.1,86.6,424,186,402.0,152,41.6,37,10.1,6.8, Dansby Swanson,2019,545,365,0.251,0.271,-0.02,0.42200000000000004,0.48,-0.057999999999999996,0.317,0.34700000000000003,-0.03,110,25.0,ATL,NL,127,545,483,77,121,26,3,17,65,10,5,51,124,0.251,0.325,0.42200000000000004,0.748,89.0,204,7,5,1,5,2,*6
116,640458,365,13.4,33.4,109.5,86.5,90.9,82.7,407,180,385.0,123,33.9,15,4.1,3.1, Oscar Mercado,2019,482,365,0.26899999999999996,0.262,0.006999999999999999,0.44299999999999995,0.40299999999999997,0.04,0.321,0.308,0.013000000000000001,151,24.0,CLE,AL,115,482,438,70,118,25,3,15,54,15,4,28,84,0.26899999999999996,0.318,0.44299999999999995,0.7609999999999999,96.0,194,9,5,7,4,0,*87/9D
117,660162,361,12.0,40.4,115.8,92.8,95.5,91.2,462,185,406.0,173,47.9,44,12.2,7.9, Yoan Moncada,2019,559,361,0.315,0.29100000000000004,0.024,0.5479999999999999,0.524,0.024,0.38,0.36200000000000004,0.018000000000000002,93,24.0,CHW,AL,132,559,511,83,161,34,5,25,79,10,3,40,154,0.315,0.36700000000000005,0.5479999999999999,0.915,141.0,280,1,4,1,3,2,*5/D
118,592743,361,9.4,19.1,108.8,87.7,89.6,88.5,410,135,386.0,119,33.6,6,1.7,1.4, Andrelton Simmons,2019,424,361,0.264,0.23800000000000002,0.026000000000000002,0.364,0.321,0.043,0.29,0.265,0.025,187,29.0,LAA,AL,103,424,398,47,105,19,0,7,40,10,2,24,37,0.264,0.309,0.364,0.6729999999999999,80.0,145,21,2,0,0,1,6/D
119,455976,361,7.3,34.1,114.7,91.2,92.5,91.0,418,157,392.0,160,44.3,11,3.0,2.3, Nick Markakis,2019,469,361,0.285,0.3,-0.015,0.42,0.434,-0.013999999999999999,0.332,0.349,-0.017,159,35.0,ATL,NL,116,469,414,61,118,25,2,9,62,2,0,47,59,0.285,0.35600000000000004,0.42,0.7759999999999999,98.0,174,11,2,0,6,1,*9/7D
120,570482,359,13.6,37.6,113.3,90.5,94.1,87.7,461,185,407.0,145,40.6,25,7.0,5.3, Gio Urshela,2019,476,359,0.314,0.294,0.02,0.534,0.505,0.028999999999999998,0.369,0.353,0.016,157,27.0,NYY,AL,132,476,442,73,139,34,0,21,74,1,1,25,87,0.314,0.355,0.534,0.889,133.0,236,13,5,0,4,1,*5/D37
121,460075,357,7.1,33.6,111.7,91.2,95.6,88.9,443,163,404.0,159,45.0,35,9.8,6.9, Ryan Braun,2019,508,357,0.285,0.273,0.012,0.505,0.479,0.026000000000000002,0.354,0.342,0.012,132,35.0,MIL,NL,144,508,459,70,131,31,2,22,75,11,1,34,105,0.285,0.34299999999999997,0.505,0.8490000000000001,116.0,232,15,8,0,3,1,*7/D9
122,545361,354,22.2,44.1,116.6,90.7,94.9,84.2,473,233,419.0,154,44.3,66,18.6,11.0, Mike Trout,2019,600,354,0.29100000000000004,0.311,-0.02,0.645,0.669,-0.024,0.436,0.455,-0.019,70,27.0,LAA,AL,134,600,470,110,137,27,2,45,104,11,2,110,120,0.29100000000000004,0.43799999999999994,0.645,1.083,185.0,303,5,16,0,4,14,*8D
123,592567,353,12.3,37.7,110.1,88.2,93.3,84.4,422,169,393.0,121,34.8,26,7.4,5.2, Colin Moran,2019,503,353,0.27699999999999997,0.262,0.015,0.429,0.442,-0.013000000000000001,0.315,0.316,-0.001,136,26.0,PIT,NL,149,503,466,46,129,30,1,13,80,0,1,30,117,0.27699999999999997,0.322,0.429,0.7509999999999999,97.0,200,13,3,0,4,4,*54/37
124,543068,353,12.7,34.3,115.9,91.0,96.1,87.6,453,186,404.0,156,44.6,53,15.0,10.6, C.J. Cron,2019,499,353,0.253,0.278,-0.025,0.469,0.55,-0.081,0.325,0.366,-0.040999999999999995,139,29.0,MIN,AL,125,499,458,51,116,24,0,25,78,0,0,29,107,0.253,0.311,0.469,0.78,103.0,215,13,10,0,2,3,*3/D
125,452678,351,14.1,37.3,108.4,88.8,93.2,84.5,416,190,390.0,124,35.3,20,5.7,3.9, Asdrubal Cabrera,2019,514,351,0.26,0.24100000000000002,0.019,0.441,0.413,0.027999999999999997,0.331,0.318,0.013000000000000001,126,33.0,TOT,MLB,131,514,447,69,116,25,1,18,91,4,0,57,103,0.26,0.342,0.441,0.7829999999999999,97.0,197,9,3,0,7,2,54/3
126,451594,350,13.0,40.9,111.1,85.2,90.5,79.5,430,181,391.0,98,28.4,26,7.4,4.5, Dexter Fowler,2019,574,350,0.23800000000000002,0.251,-0.013000000000000001,0.409,0.42100000000000004,-0.012,0.326,0.33799999999999997,-0.012,86,33.0,STL,NL,150,574,487,69,116,24,1,19,67,8,5,74,142,0.23800000000000002,0.34600000000000003,0.409,0.754,98.0,199,6,8,1,4,1,*98
127,605119,348,11.1,31.3,114.4,89.9,94.6,86.7,446,172,397.0,159,45.7,31,8.9,6.0, Brian Anderson,2019,520,348,0.261,0.259,0.002,0.46799999999999997,0.461,0.006999999999999999,0.342,0.34299999999999997,-0.001,123,26.0,MIA,NL,126,520,459,57,120,33,1,20,66,5,1,44,114,0.261,0.342,0.46799999999999997,0.8109999999999999,114.0,215,15,14,0,3,1,59/D
128,446334,346,14.0,35.8,110.3,89.7,93.2,86.8,438,184,406.0,141,40.8,26,7.5,5.1, Evan Longoria,2019,508,346,0.254,0.27399999999999997,-0.02,0.43700000000000006,0.498,-0.061,0.322,0.35200000000000004,-0.03,133,33.0,SFG,NL,129,508,453,59,115,19,2,20,69,3,1,43,112,0.254,0.325,0.43700000000000006,0.762,102.0,198,14,7,0,5,1,*5
129,596059,346,16.2,30.6,113.1,89.4,96.2,83.2,471,203,404.0,157,45.6,47,13.6,8.1, Rougned Odor,2019,581,346,0.205,0.22899999999999998,-0.024,0.439,0.46799999999999997,-0.028999999999999998,0.302,0.322,-0.02,84,25.0,TEX,AL,145,581,522,77,107,30,1,30,93,11,9,52,178,0.205,0.28300000000000003,0.439,0.721,79.0,229,4,5,1,1,2,*4/D
130,621566,346,18.3,36.4,111.9,91.9,97.1,87.0,450,203,400.0,170,50.3,50,14.5,9.1, Matt Olson,2019,547,346,0.267,0.276,-0.009000000000000001,0.545,0.5760000000000001,-0.031,0.368,0.386,-0.018000000000000002,106,25.0,OAK,AL,127,547,483,73,129,26,0,36,91,0,0,51,138,0.267,0.35100000000000003,0.545,0.8959999999999999,137.0,263,11,12,0,1,7,*3
131,614177,345,9.5,33.3,115.0,93.3,98.2,88.6,457,181,408.0,176,51.0,51,14.8,9.3, Franmil Reyes,2019,548,345,0.249,0.264,-0.015,0.512,0.539,-0.027000000000000003,0.33799999999999997,0.36,-0.022000000000000002,105,23.0,TOT,MLB,150,548,494,69,123,19,0,37,81,0,0,47,156,0.249,0.31,0.512,0.8220000000000001,112.0,253,15,0,0,7,1,9D
132,595281,345,6.7,26.4,111.4,88.9,93.4,87.8,437,145,412.0,130,37.8,19,5.5,4.0, Kevin Kiermaier,2019,480,345,0.228,0.24600000000000002,-0.018000000000000002,0.39799999999999996,0.39299999999999996,0.005,0.284,0.292,-0.008,154,29.0,TBR,AL,129,480,447,60,102,20,7,14,55,19,5,26,104,0.228,0.278,0.39799999999999996,0.6759999999999999,79.0,178,8,5,1,1,2,*8/D
133,598265,344,8.7,31.1,112.1,89.7,95.0,86.2,478,164,395.0,148,43.0,34,9.9,6.0, Jackie Bradley Jr.,2019,567,344,0.225,0.242,-0.017,0.42100000000000004,0.435,-0.013999999999999999,0.314,0.327,-0.013000000000000001,88,29.0,BOS,AL,147,567,494,69,111,28,3,21,62,8,6,56,155,0.225,0.317,0.42100000000000004,0.738,90.0,208,6,12,3,2,3,*8/9
134,571970,342,14.2,39.8,110.1,89.7,94.4,84.3,464,195,404.0,147,43.4,42,12.3,7.1, Max Muncy,2019,589,342,0.251,0.26899999999999996,-0.018000000000000002,0.515,0.522,-0.006999999999999999,0.373,0.385,-0.012,79,28.0,LAD,NL,141,589,487,101,122,22,1,35,98,4,1,90,149,0.251,0.374,0.515,0.889,133.0,251,5,8,0,4,1,435
135,592626,341,15.3,31.7,113.7,90.9,96.0,87.7,454,179,399.0,146,43.5,35,10.3,6.8, Joc Pederson,2019,514,341,0.249,0.254,-0.005,0.5379999999999999,0.47700000000000004,0.061,0.36200000000000004,0.34700000000000003,0.015,128,27.0,LAD,NL,149,514,450,83,112,16,3,36,74,1,1,50,111,0.249,0.33899999999999997,0.5379999999999999,0.8759999999999999,127.0,242,4,12,0,2,2,*793/8D
136,453943,341,17.3,34.6,108.4,88.2,92.0,86.0,437,186,392.0,129,38.4,25,7.3,5.0, Todd Frazier,2019,499,341,0.251,0.24,0.011000000000000001,0.44299999999999995,0.413,0.03,0.32799999999999996,0.315,0.013000000000000001,140,33.0,NYM,NL,133,499,447,63,112,19,2,21,67,1,2,40,106,0.251,0.32899999999999996,0.44299999999999995,0.772,106.0,198,9,12,0,0,1,*5/3D
137,543829,341,5.3,29.0,102.5,83.0,87.1,80.8,368,132,361.0,63,19.0,0,0.0,0.0, Dee Gordon,2019,421,341,0.275,0.254,0.021,0.359,0.308,0.051,0.282,0.26,0.022000000000000002,192,31.0,SEA,AL,117,421,393,36,108,12,6,3,34,22,5,18,61,0.275,0.304,0.359,0.6629999999999999,81.0,141,8,1,3,6,1,*4/D6
138,519299,339,18.3,40.7,102.9,84.7,88.3,80.9,414,187,378.0,68,20.1,7,2.1,1.6, Eric Sogard,2019,442,339,0.29,0.27,0.02,0.457,0.373,0.084,0.342,0.307,0.035,180,33.0,TOT,AL,110,442,396,59,115,23,2,13,40,8,0,38,63,0.29,0.353,0.457,0.81,116.0,181,4,2,3,3,2,4D/5967
139,553882,339,17.8,40.7,106.1,85.4,88.8,82.0,420,193,385.0,91,27.5,18,5.3,3.7, Omar Narvaez,2019,482,339,0.278,0.254,0.024,0.46,0.42200000000000004,0.038,0.345,0.324,0.021,152,27.0,SEA,AL,132,482,428,63,119,12,0,22,55,0,0,47,92,0.278,0.353,0.46,0.813,120.0,197,5,4,0,3,1,2D/4
140,466320,338,8.9,32.8,110.2,87.9,89.9,87.7,433,152,394.0,111,33.0,7,2.1,1.8, Melky Cabrera,2019,397,338,0.28,0.28,0.0,0.39899999999999997,0.376,0.023,0.301,0.294,0.006999999999999999,209,34.0,PIT,NL,133,397,378,43,106,22,1,7,47,2,0,17,41,0.28,0.313,0.39899999999999997,0.713,88.0,151,14,1,1,0,3,97/D
141,501981,337,13.2,32.0,109.9,90.1,95.2,85.4,432,183,396.0,132,40.2,34,10.1,6.4, Khris Davis,2019,533,337,0.22,0.233,-0.013000000000000001,0.387,0.442,-0.055,0.289,0.318,-0.028999999999999998,114,31.0,OAK,AL,133,533,481,61,106,11,0,23,73,0,0,47,146,0.22,0.293,0.387,0.679,82.0,186,11,3,0,2,3,*D/7
142,457763,336,9.1,32.4,107.6,88.4,92.6,85.3,435,159,399.0,121,36.0,16,4.8,3.6, Buster Posey,2019,445,336,0.257,0.254,0.003,0.368,0.418,-0.05,0.298,0.315,-0.017,177,32.0,SFG,NL,114,445,405,43,104,24,0,7,38,0,0,34,71,0.257,0.32,0.368,0.688,84.0,149,18,4,1,1,1,2/3D
143,543257,336,12.1,36.3,110.6,87.7,90.0,86.3,423,174,389.0,102,30.7,8,2.4,1.7, Robbie Grossman,2019,482,336,0.24,0.265,-0.025,0.348,0.38299999999999995,-0.035,0.299,0.324,-0.025,150,29.0,OAK,AL,138,482,420,57,101,21,3,6,38,9,4,59,86,0.24,0.33399999999999996,0.348,0.682,86.0,146,7,1,0,2,2,*79/8
144,650391,336,9.3,32.4,114.1,91.2,96.6,87.4,471,167,409.0,161,47.9,43,12.8,8.5, Eloy Jimenez,2019,504,336,0.267,0.268,-0.001,0.513,0.521,-0.008,0.34299999999999997,0.349,-0.006,135,22.0,CHW,AL,122,504,468,69,125,18,2,31,79,0,0,30,134,0.267,0.315,0.513,0.828,117.0,240,11,4,0,2,0,*7/D
145,670032,332,2.3,22.6,105.4,83.8,86.3,83.2,398,116,393.0,63,19.1,5,1.5,1.2, Nicky Lopez,2019,402,332,0.24,0.24,0.0,0.325,0.298,0.027000000000000003,0.26,0.251,0.009000000000000001,208,24.0,KCR,AL,103,402,379,44,91,22,2,2,30,1,1,18,51,0.24,0.276,0.325,0.601,59.0,123,5,1,4,0,0,46/D
146,623912,331,3.8,29.0,113.0,88.9,92.0,87.8,433,136,389.0,115,34.7,21,6.3,4.7, Harold Ramirez,2019,446,331,0.276,0.276,0.0,0.41600000000000004,0.413,0.003,0.308,0.309,-0.001,175,24.0,MIA,NL,119,446,421,54,116,20,3,11,50,2,1,18,91,0.276,0.312,0.41600000000000004,0.728,93.0,175,8,5,0,1,1,*798
147,596748,331,14.9,24.2,114.1,89.0,93.4,88.2,433,163,410.0,126,38.1,23,6.9,5.4, Maikel Franco,2019,428,331,0.23399999999999999,0.243,-0.009000000000000001,0.409,0.41700000000000004,-0.008,0.281,0.292,-0.011000000000000001,185,26.0,PHI,NL,123,428,389,48,91,17,0,17,56,0,0,36,61,0.23399999999999999,0.297,0.409,0.705,80.0,159,14,0,0,3,19,*5/3
148,503556,328,10.6,35.4,109.2,90.4,94.5,87.3,437,172,403.0,143,43.7,21,6.4,4.5, Marwin Gonzalez,2019,463,328,0.264,0.262,0.002,0.414,0.435,-0.021,0.313,0.32,-0.006999999999999999,164,30.0,MIN,AL,114,463,425,52,112,19,0,15,55,1,0,31,98,0.264,0.322,0.414,0.736,94.0,176,7,6,0,1,2,9537/D46
149,542454,328,13.5,37.8,113.1,91.4,94.7,88.2,448,191,406.0,143,43.6,31,9.5,6.1, Danny Santana,2019,511,328,0.28300000000000003,0.275,0.008,0.534,0.496,0.038,0.35200000000000004,0.33799999999999997,0.013999999999999999,130,28.0,TEX,AL,130,511,474,81,134,23,6,28,81,21,6,25,151,0.28300000000000003,0.324,0.534,0.857,112.0,253,8,6,0,5,2,38479/65D
150,435622,327,8.4,32.4,113.6,90.6,93.6,89.4,486,164,425.0,138,42.2,34,10.4,7.1, Ian Desmond,2019,482,327,0.255,0.271,-0.016,0.479,0.474,0.005,0.32799999999999996,0.335,-0.006999999999999999,148,33.0,COL,NL,140,482,443,64,113,31,4,20,65,3,3,34,119,0.255,0.31,0.479,0.7879999999999999,88.0,212,12,2,1,2,1,*87/D1
151,608577,327,10.5,33.9,114.6,89.1,93.9,86.1,505,172,416.0,127,39.3,35,10.7,7.5, Nomar Mazara,2019,469,327,0.268,0.272,-0.004,0.469,0.485,-0.016,0.327,0.337,-0.01,160,24.0,TEX,AL,116,469,429,69,115,27,1,19,66,4,1,28,108,0.268,0.318,0.469,0.7859999999999999,96.0,201,5,6,0,6,2,9/D
152,606132,326,7.3,36.5,107.1,87.4,90.0,85.7,440,158,402.0,103,31.6,12,3.7,2.7, Raimel Tapia,2019,447,326,0.275,0.259,0.016,0.415,0.376,0.039,0.307,0.287,0.02,174,25.0,COL,NL,138,447,426,54,117,23,5,9,44,9,3,21,100,0.275,0.309,0.415,0.7240000000000001,74.0,177,2,0,0,0,0,78/9D
153,443558,326,13.1,38.3,117.0,93.7,99.2,89.0,473,197,411.0,168,51.5,65,19.9,12.5, Nelson Cruz,2019,521,326,0.311,0.295,0.016,0.639,0.643,-0.004,0.41700000000000004,0.418,-0.001,121,38.0,MIN,AL,120,521,454,81,141,26,0,41,108,0,1,56,131,0.311,0.392,0.639,1.031,166.0,290,14,7,0,3,8,*D
154,429664,324,7.3,33.6,112.1,90.8,93.2,89.9,429,161,401.0,149,46.0,24,7.4,5.7, Robinson Cano,2019,423,324,0.256,0.28,-0.024,0.428,0.449,-0.021,0.308,0.327,-0.019,189,36.0,NYM,NL,107,423,390,46,100,28,0,13,39,0,0,25,69,0.256,0.307,0.428,0.736,96.0,167,16,5,0,3,3,4/D
155,641857,322,8.4,36.6,112.9,91.4,95.8,88.2,479,166,415.0,153,47.7,29,9.0,5.4, Ryan McMahon,2019,539,322,0.25,0.245,0.005,0.45,0.429,0.021,0.33,0.322,0.008,113,24.0,COL,NL,141,539,480,70,120,22,1,24,83,5,1,56,160,0.25,0.32899999999999996,0.45,0.779,87.0,216,14,1,1,1,1,*453
156,571771,321,19.5,35.8,113.3,88.4,91.9,86.7,432,188,398.0,110,34.5,19,5.9,4.1, Enrique Hernandez,2019,460,321,0.237,0.242,-0.005,0.41100000000000003,0.41100000000000003,0.0,0.302,0.308,-0.006,165,27.0,LAD,NL,130,460,414,57,98,19,1,17,64,4,0,36,97,0.237,0.304,0.41100000000000003,0.715,87.0,170,9,6,0,4,3,48967/35
157,606299,320,17.1,33.8,109.4,84.7,87.7,84.4,432,176,384.0,78,25.7,1,0.3,0.2, Jose Peraza,2019,403,320,0.239,0.26899999999999996,-0.03,0.34600000000000003,0.36200000000000004,-0.016,0.272,0.292,-0.02,207,25.0,CIN,NL,141,403,376,37,90,18,2,6,33,7,6,17,58,0.239,0.285,0.34600000000000003,0.631,62.0,130,9,8,0,2,0,467/581
158,657656,320,14.8,38.1,111.6,89.5,93.3,86.2,438,187,405.0,127,40.4,31,9.7,6.4, Ramon Laureano,2019,481,320,0.28800000000000003,0.27399999999999997,0.013999999999999999,0.521,0.48700000000000004,0.034,0.35600000000000004,0.342,0.013999999999999999,153,24.0,OAK,AL,123,481,434,79,125,29,0,24,67,13,2,27,123,0.28800000000000003,0.34,0.521,0.86,128.0,226,7,11,1,8,0,*89
159,570731,318,12.5,35.5,114.9,87.5,93.5,83.7,467,171,404.0,122,38.5,28,8.8,6.0, Jonathan Schoop,2019,464,318,0.256,0.252,0.004,0.473,0.439,0.034,0.324,0.312,0.012,163,27.0,MIN,AL,121,464,433,61,111,23,1,23,59,1,1,20,116,0.256,0.304,0.473,0.777,102.0,205,13,10,0,1,1,*4/D
160,429665,318,22.5,34.6,113.0,90.0,94.4,87.4,442,204,401.0,131,42.0,40,12.6,8.2, Edwin Encarnacion,2019,486,318,0.244,0.242,0.002,0.531,0.513,0.018000000000000002,0.36200000000000004,0.36,0.002,147,36.0,TOT,AL,109,486,418,81,102,18,0,34,86,0,1,58,103,0.244,0.344,0.531,0.875,132.0,222,4,7,0,3,1,3D/4
161,502481,317,8.9,29.3,105.5,82.0,88.0,78.3,403,139,389.0,69,21.8,5,1.6,1.1, Jarrod Dyson,2019,452,317,0.23,0.22699999999999998,0.003,0.32,0.29600000000000004,0.024,0.281,0.273,0.008,169,34.0,ARI,NL,130,452,400,65,92,11,2,7,27,30,4,47,86,0.23,0.313,0.32,0.633,66.0,128,1,2,1,2,0,*897
162,596129,315,17.2,39.7,113.1,88.9,93.7,83.8,448,203,398.0,118,37.7,34,10.8,6.1, Daniel Vogelbach,2019,558,315,0.20800000000000002,0.228,-0.02,0.439,0.445,-0.006,0.33299999999999996,0.34600000000000003,-0.013000000000000001,94,26.0,SEA,AL,144,558,462,73,96,17,0,30,76,0,0,92,149,0.20800000000000002,0.341,0.439,0.78,112.0,203,4,2,0,2,2,D3
163,605204,315,10.6,37.1,114.7,91.4,95.0,88.7,449,171,404.0,148,47.7,36,11.4,7.9, J.D. Davis,2019,453,315,0.307,0.308,-0.001,0.527,0.5479999999999999,-0.021,0.374,0.38299999999999995,-0.009000000000000001,168,26.0,NYM,NL,140,453,410,65,126,22,1,22,57,3,0,38,97,0.307,0.369,0.527,0.895,138.0,216,14,3,0,2,2,75/D
164,664068,314,17.5,39.2,111.4,88.2,93.5,83.0,437,197,389.0,122,38.9,25,8.0,5.0, Scott Kingery,2019,500,314,0.258,0.247,0.011000000000000001,0.474,0.435,0.039,0.32899999999999996,0.314,0.015,137,25.0,PHI,NL,126,500,458,64,118,34,4,19,55,15,4,34,147,0.258,0.315,0.474,0.7879999999999999,100.0,217,3,5,1,2,1,85647/9
165,622534,313,13.3,28.4,109.6,86.5,91.1,85.1,417,152,391.0,109,34.9,11,3.5,2.5, Manuel Margot,2019,441,313,0.23399999999999999,0.23399999999999999,0.0,0.387,0.337,0.05,0.29600000000000004,0.27899999999999997,0.017,181,24.0,SDP,NL,151,441,398,59,93,19,3,12,37,20,4,38,88,0.23399999999999999,0.304,0.387,0.691,83.0,154,6,2,3,0,1,*8
166,572821,312,19.0,32.7,106.6,88.3,92.8,84.2,435,189,394.0,109,34.9,21,6.7,4.4, Brian Dozier,2019,482,312,0.23800000000000002,0.24,-0.002,0.43,0.43200000000000005,-0.002,0.32899999999999996,0.331,-0.002,149,32.0,WSN,NL,135,482,416,54,99,20,0,20,50,3,4,61,105,0.23800000000000002,0.34,0.43,0.7709999999999999,95.0,179,11,4,0,1,2,*4/1
167,475253,309,16.8,37.5,110.8,90.3,93.7,87.4,438,205,401.0,122,39.5,34,11.0,6.8, Justin Smoak,2019,500,309,0.20800000000000002,0.25,-0.042,0.406,0.495,-0.08900000000000001,0.32299999999999995,0.366,-0.043,138,32.0,TOR,AL,121,500,414,54,86,16,0,22,61,0,0,79,106,0.20800000000000002,0.342,0.406,0.748,101.0,168,11,6,0,1,3,3D
168,572122,309,18.6,37.5,107.1,89.3,93.1,84.4,420,202,383.0,121,39.7,26,8.4,5.9, Kyle Seager,2019,443,309,0.239,0.264,-0.025,0.46799999999999997,0.486,-0.018000000000000002,0.332,0.349,-0.017,179,31.0,SEA,AL,106,443,393,55,94,19,1,23,63,2,2,44,86,0.239,0.321,0.46799999999999997,0.789,112.0,184,12,4,0,2,0,5/D
169,596847,309,12.6,37.9,110.1,91.1,94.7,87.5,445,186,400.0,131,42.4,35,11.3,7.2, Ji-Man Choi,2019,487,309,0.261,0.263,-0.002,0.45899999999999996,0.496,-0.037000000000000005,0.348,0.366,-0.018000000000000002,146,28.0,TBR,AL,127,487,410,54,107,20,2,19,63,2,3,64,108,0.261,0.363,0.45899999999999996,0.8220000000000001,119.0,188,7,6,0,7,2,3D
170,592273,308,13.8,36.7,112.5,86.9,93.2,83.2,426,167,392.0,113,36.7,28,9.1,6.3, Brandon Drury,2019,447,308,0.218,0.247,-0.028999999999999998,0.38,0.42700000000000005,-0.047,0.271,0.305,-0.034,172,26.0,TOR,AL,120,447,418,43,91,21,1,15,41,0,1,25,113,0.218,0.262,0.38,0.642,70.0,159,6,1,0,3,0,5943/76D
171,592192,305,15.0,32.5,110.9,89.1,94.3,86.0,436,179,396.0,124,41.1,29,9.5,5.8, Mark Canha,2019,497,305,0.273,0.248,0.025,0.517,0.469,0.048,0.386,0.36200000000000004,0.024,141,30.0,OAK,AL,126,497,410,80,112,16,3,26,58,3,2,67,107,0.273,0.396,0.517,0.9129999999999999,145.0,212,10,18,0,2,1,89D37
172,543510,303,10.7,36.0,112.0,89.9,94.3,86.6,446,163,404.0,131,43.5,28,9.2,5.9, James McCann,2019,476,303,0.273,0.256,0.017,0.46,0.445,0.015,0.33299999999999996,0.321,0.012,156,29.0,CHW,AL,118,476,439,62,120,26,1,18,60,4,1,30,137,0.273,0.32799999999999996,0.46,0.789,109.0,202,10,6,1,0,1,2D
173,657077,300,8.8,33.7,111.3,89.4,93.1,87.9,459,162,400.0,116,39.3,17,5.7,4.5, Alex Verdugo,2019,377,300,0.294,0.28800000000000003,0.006,0.475,0.452,0.023,0.341,0.331,0.01,219,23.0,LAD,NL,106,377,343,43,101,22,2,12,44,4,1,26,49,0.294,0.342,0.475,0.8170000000000001,114.0,163,8,2,0,6,1,897
174,650333,300,11.4,42.0,102.2,86.9,89.2,84.8,402,174,388.0,66,22.1,8,2.7,2.2, Luis Arraez,2019,366,300,0.33399999999999996,0.29,0.044000000000000004,0.439,0.41,0.028999999999999998,0.36,0.336,0.024,231,22.0,MIN,AL,92,366,326,54,109,20,1,4,28,2,2,36,29,0.33399999999999996,0.39899999999999997,0.439,0.838,123.0,143,2,1,0,3,1,475/6D
175,547172,299,9.6,37.5,103.4,84.8,88.2,81.9,413,166,361.0,59,19.7,0,0.0,0.0, Tony Wolters,2019,411,299,0.262,0.244,0.018000000000000002,0.32899999999999996,0.316,0.013000000000000001,0.29,0.281,0.009000000000000001,199,27.0,COL,NL,121,411,359,42,94,17,2,1,42,0,1,36,68,0.262,0.337,0.32899999999999996,0.6659999999999999,64.0,118,9,8,2,6,5,*2/45
176,623993,298,14.8,31.2,112.9,89.6,92.3,89.0,435,189,408.0,108,36.2,23,7.7,5.7, Anthony Santander,2019,405,298,0.261,0.263,-0.002,0.47600000000000003,0.46299999999999997,0.013000000000000001,0.321,0.321,0.0,206,24.0,BAL,AL,93,405,380,46,99,20,1,20,59,1,2,19,86,0.261,0.297,0.47600000000000003,0.773,101.0,181,1,2,1,3,0,978/D
177,444482,296,6.4,29.1,113.2,90.1,94.5,88.0,448,149,409.0,121,40.9,16,5.4,3.8, David Peralta,2019,423,296,0.275,0.249,0.026000000000000002,0.461,0.379,0.08199999999999999,0.33799999999999997,0.301,0.037000000000000005,190,31.0,ARI,NL,99,423,382,48,105,29,3,12,57,0,0,35,87,0.275,0.34299999999999997,0.461,0.804,106.0,176,9,5,0,1,3,7/D
178,572761,293,18.1,37.2,108.9,87.2,91.9,79.8,442,203,406.0,89,31.1,23,7.8,4.7, Matt Carpenter,2019,492,293,0.226,0.22899999999999998,-0.003,0.392,0.426,-0.034,0.315,0.331,-0.016,143,33.0,STL,NL,129,492,416,59,94,20,2,15,46,6,1,63,129,0.226,0.33399999999999996,0.392,0.726,91.0,163,3,7,1,5,0,5/3D
179,592669,292,19.1,32.2,114.1,89.9,94.6,85.9,470,199,413.0,115,39.4,35,12.0,7.1, Hunter Renfroe,2019,494,292,0.21600000000000003,0.218,-0.002,0.489,0.451,0.038,0.32,0.311,0.009000000000000001,142,27.0,SDP,NL,140,494,440,64,95,19,1,33,64,5,0,46,154,0.21600000000000003,0.289,0.489,0.778,102.0,215,6,2,0,6,1,*97/8
180,609275,292,9.6,30.8,108.4,87.9,92.5,84.6,443,168,412.0,97,33.4,24,8.2,5.4, Adalberto Mondesi,2019,443,292,0.263,0.237,0.026000000000000002,0.424,0.38,0.044000000000000004,0.298,0.282,0.016,178,23.0,KCR,AL,102,443,415,58,109,20,10,9,62,43,7,19,132,0.263,0.29100000000000004,0.424,0.715,86.0,176,6,0,3,6,0,6/D
181,435062,290,11.0,36.9,112.4,91.6,94.4,90.4,435,175,411.0,140,48.3,33,11.4,8.9, Howie Kendrick,2019,370,290,0.344,0.336,0.008,0.5720000000000001,0.622,-0.05,0.4,0.419,-0.019,224,35.0,WSN,NL,121,370,334,61,115,23,1,17,62,2,1,27,49,0.344,0.395,0.5720000000000001,0.966,142.0,191,11,4,0,5,1,345/D
182,570267,289,11.7,41.2,109.5,89.0,94.6,82.3,425,179,399.0,118,42.1,36,12.5,7.1, Domingo Santana,2019,507,289,0.253,0.257,-0.004,0.441,0.49200000000000005,-0.051,0.326,0.34700000000000003,-0.021,134,26.0,SEA,AL,121,507,451,63,114,20,1,21,69,8,3,50,164,0.253,0.32899999999999996,0.441,0.77,108.0,199,11,2,0,2,1,79D
183,571718,288,17.6,38.9,111.4,87.3,91.1,82.6,453,200,397.0,94,33.3,18,6.3,3.9, Brian Goodwin,2019,458,288,0.262,0.239,0.023,0.47,0.414,0.055999999999999994,0.332,0.307,0.025,167,28.0,LAA,AL,136,458,413,65,108,29,3,17,47,7,3,38,129,0.262,0.326,0.47,0.7959999999999999,109.0,194,3,3,1,3,2,*789/D
184,572228,288,12.8,39.9,112.6,89.7,95.4,82.6,470,184,410.0,116,40.4,38,13.2,7.5, Luke Voit,2019,510,288,0.263,0.249,0.013999999999999999,0.46399999999999997,0.494,-0.03,0.36,0.365,-0.005,131,28.0,NYY,AL,118,510,429,72,113,21,1,21,62,0,0,71,142,0.263,0.37799999999999995,0.46399999999999997,0.8420000000000001,124.0,199,12,9,0,1,2,3D
185,592348,287,13.2,38.0,109.4,89.3,92.5,86.8,419,176,381.0,119,41.5,18,6.3,3.8, Niko Goodrum,2019,472,287,0.248,0.24100000000000002,0.006999999999999999,0.42100000000000004,0.39299999999999996,0.027999999999999997,0.316,0.304,0.012,158,27.0,DET,AL,112,472,423,61,105,27,5,12,45,12,3,46,138,0.248,0.322,0.42100000000000004,0.743,94.0,178,7,1,0,2,1,6473/89D5
186,547004,285,10.7,33.7,107.8,87.9,93.3,84.0,427,159,388.0,104,36.5,8,2.8,1.9, Rio Ruiz,2019,413,285,0.23199999999999998,0.235,-0.003,0.376,0.36,0.016,0.294,0.293,0.001,198,25.0,BAL,AL,127,413,370,35,86,13,2,12,46,0,1,40,88,0.23199999999999998,0.306,0.376,0.682,81.0,139,12,0,1,2,0,*53/D4
187,546991,284,8.2,31.0,111.7,85.2,90.9,83.3,445,149,408.0,78,27.5,13,4.6,3.6, Albert Almora Jr.,2019,363,284,0.23600000000000002,0.254,-0.018000000000000002,0.381,0.382,-0.001,0.271,0.28,-0.009000000000000001,234,25.0,CHC,NL,130,363,339,41,80,11,1,12,32,2,1,16,62,0.23600000000000002,0.271,0.381,0.6509999999999999,66.0,129,8,1,5,2,4,*8
188,596105,280,7.2,30.4,114.3,88.7,92.0,87.3,442,156,403.0,110,39.3,11,3.9,2.8, Dwight Smith Jr,2019,392,280,0.24100000000000002,0.243,-0.002,0.41200000000000003,0.377,0.035,0.299,0.292,0.006999999999999999,212,26.0,BAL,AL,101,392,357,46,86,16,3,13,53,5,1,26,82,0.24100000000000002,0.297,0.41200000000000003,0.708,86.0,147,8,4,1,4,0,7/D
189,595751,279,4.7,33.3,114.7,90.8,96.4,86.6,473,154,404.0,125,44.8,32,11.5,6.9, Jorge Alfaro,2019,465,279,0.262,0.25,0.012,0.425,0.455,-0.03,0.312,0.319,-0.006999999999999999,161,26.0,MIA,NL,130,465,431,44,113,14,1,18,57,4,4,22,154,0.262,0.312,0.425,0.736,95.0,183,12,10,0,2,1,*2/3D
190,608385,278,7.4,33.8,110.8,89.1,93.7,85.7,415,159,381.0,110,40.7,14,5.0,3.6, Jesse Winker,2019,384,278,0.26899999999999996,0.28300000000000003,-0.013999999999999999,0.473,0.45799999999999996,0.015,0.35100000000000003,0.35200000000000004,-0.001,216,25.0,CIN,NL,113,384,338,51,91,17,2,16,38,0,2,38,60,0.26899999999999996,0.35700000000000004,0.473,0.83,111.0,160,10,8,0,0,2,789/D
191,660271,278,6.8,31.7,115.1,92.8,97.0,89.0,447,163,406.0,131,47.1,34,12.2,8.0, Shohei Ohtani,2019,425,278,0.28600000000000003,0.282,0.004,0.505,0.486,0.019,0.35200000000000004,0.349,0.003,186,24.0,LAA,AL,106,425,384,51,110,20,5,18,62,12,3,33,110,0.28600000000000003,0.34299999999999997,0.505,0.848,123.0,194,6,2,0,4,1,D
192,572039,277,12.6,32.5,111.2,89.1,92.6,85.8,418,173,395.0,110,40.6,22,7.9,5.6, Stephen Piscotty,2019,393,277,0.249,0.253,-0.004,0.41200000000000003,0.444,-0.032,0.306,0.32299999999999995,-0.017,211,28.0,OAK,AL,93,393,357,46,89,17,1,13,44,2,0,29,84,0.249,0.309,0.41200000000000003,0.72,93.0,147,13,3,1,3,0,9/D
193,669222,275,11.0,32.0,107.6,87.5,92.0,85.1,422,162,390.0,101,37.3,22,8.0,5.3, Nick Senzel,2019,414,275,0.256,0.243,0.013000000000000001,0.42700000000000005,0.40700000000000003,0.02,0.315,0.303,0.012,195,24.0,CIN,NL,104,414,375,55,96,20,4,12,42,14,5,30,101,0.256,0.315,0.42700000000000005,0.742,89.0,160,6,3,0,1,0,8/4
194,605612,274,7.9,36.5,105.0,86.3,91.6,81.9,408,148,389.0,77,28.2,10,3.6,2.7, Harold Castro,2019,369,274,0.29100000000000004,0.265,0.026000000000000002,0.384,0.377,0.006999999999999999,0.292,0.28300000000000003,0.009000000000000001,229,25.0,DET,AL,97,369,354,30,103,10,4,5,38,4,2,9,86,0.29100000000000004,0.305,0.384,0.6890000000000001,80.0,136,6,0,2,4,0,485/79D63
195,544369,273,17.2,29.7,110.8,88.2,91.8,87.9,413,184,390.0,94,34.8,16,5.9,4.7, Didi Gregorius,2019,344,273,0.23800000000000002,0.247,-0.009000000000000001,0.441,0.408,0.033,0.298,0.293,0.005,247,29.0,NYY,AL,82,344,324,47,77,14,2,16,61,2,1,17,53,0.23800000000000002,0.276,0.441,0.718,87.0,143,5,1,0,2,1,6/D
196,547379,273,4.3,33.0,112.8,88.3,94.9,83.3,447,163,404.0,112,41.3,30,11.0,6.7, Roberto Perez,2019,449,273,0.239,0.22699999999999998,0.012,0.452,0.451,0.001,0.326,0.32299999999999995,0.003,171,30.0,CLE,AL,119,449,389,46,93,9,1,24,63,0,0,45,127,0.239,0.321,0.452,0.774,99.0,176,12,4,7,4,1,*2/D
197,643265,272,4.5,33.8,113.5,89.1,94.2,85.7,447,151,418.0,110,40.4,26,9.6,6.2, Garrett Cooper,2019,421,272,0.282,0.26899999999999996,0.013000000000000001,0.447,0.46399999999999997,-0.017,0.337,0.34,-0.003,191,28.0,MIA,NL,107,421,381,52,107,16,1,15,50,0,0,33,110,0.281,0.344,0.446,0.7909999999999999,110.0,170,10,5,0,2,0,39/D
198,596142,272,19.1,33.8,118.3,91.0,95.9,86.1,481,208,417.0,112,41.2,52,19.1,11.7, Gary Sanchez,2019,446,272,0.23199999999999998,0.247,-0.015,0.525,0.552,-0.027000000000000003,0.34600000000000003,0.363,-0.017,176,26.0,NYY,AL,106,446,396,62,92,12,1,34,77,0,1,40,125,0.23199999999999998,0.316,0.525,0.841,119.0,208,3,9,0,1,3,2D
199,621514,272,19.0,37.1,112.0,86.9,91.6,81.1,419,195,402.0,91,33.7,20,7.4,4.8, Christin Stewart,2019,416,272,0.233,0.242,-0.009000000000000001,0.38799999999999996,0.425,-0.037000000000000005,0.294,0.314,-0.02,194,25.0,DET,AL,104,416,369,32,86,25,1,10,40,0,1,34,103,0.233,0.305,0.38799999999999996,0.693,81.0,143,4,7,0,6,3,7D
200,518595,272,14.6,33.8,113.1,90.0,93.6,87.6,453,180,405.0,108,39.7,21,7.7,5.4, Travis d'Arnaud,2019,391,272,0.251,0.262,-0.011000000000000001,0.433,0.455,-0.022000000000000002,0.314,0.33399999999999996,-0.02,213,30.0,TOT,MLB,103,391,351,52,88,16,0,16,69,0,1,32,85,0.251,0.312,0.433,0.745,98.0,152,4,2,0,6,0,23/D
201,621311,271,10.8,41.0,107.1,88.2,93.8,81.4,447,189,405.0,105,38.7,28,10.3,6.8, David Dahl,2019,413,271,0.302,0.267,0.035,0.524,0.48200000000000004,0.042,0.364,0.34,0.024,197,25.0,COL,NL,100,413,374,67,113,28,5,15,61,4,4,28,110,0.302,0.353,0.524,0.877,109.0,196,3,4,2,5,0,879
202,643376,270,16.1,31.9,111.4,88.7,92.6,87.3,430,184,409.0,108,40.0,16,5.9,4.2, Danny Jansen,2019,384,270,0.207,0.247,-0.04,0.36,0.418,-0.057999999999999996,0.275,0.314,-0.039,215,24.0,TOR,AL,107,384,347,41,72,12,1,13,43,0,1,31,79,0.207,0.27899999999999997,0.36,0.64,70.0,125,8,4,1,1,1,2/D
203,571976,269,11.1,32.7,111.5,88.9,96.7,83.1,468,178,408.0,109,40.8,30,11.2,6.1, Wil Myers,2019,490,269,0.239,0.24100000000000002,-0.002,0.418,0.434,-0.016,0.316,0.322,-0.006,145,28.0,SDP,NL,155,490,435,58,104,22,1,18,53,16,7,51,168,0.239,0.321,0.418,0.7390000000000001,95.0,182,12,2,1,1,0,*78/395
204,641487,268,11.4,35.1,108.6,84.3,87.4,82.6,427,156,384.0,66,24.8,9,3.4,2.3, J.P. Crawford,2019,396,268,0.226,0.237,-0.011000000000000001,0.371,0.337,0.034,0.29600000000000004,0.294,0.002,210,24.0,SEA,AL,93,396,345,43,78,21,4,7,46,5,3,43,83,0.226,0.313,0.371,0.684,87.0,128,4,2,3,3,0,6
205,650859,268,9.1,31.0,108.6,86.7,90.6,84.7,427,151,411.0,79,29.9,16,6.0,3.9, Luis Rengifo,2019,406,268,0.23800000000000002,0.23600000000000002,0.002,0.364,0.365,-0.001,0.298,0.303,-0.005,205,22.0,LAA,AL,108,406,357,44,85,18,3,7,33,2,5,40,93,0.23800000000000002,0.321,0.364,0.685,84.0,130,6,5,1,3,0,46
206,573262,268,18.5,36.9,108.5,88.7,94.6,83.0,472,204,406.0,115,42.9,30,11.2,7.3, Mike Yastrzemski,2019,411,268,0.272,0.258,0.013999999999999999,0.518,0.51,0.008,0.353,0.344,0.009000000000000001,200,28.0,SFG,NL,107,411,371,64,101,22,3,21,55,2,4,32,107,0.272,0.33399999999999996,0.518,0.852,123.0,192,4,4,1,3,1,79/8
207,592261,267,10.6,34.1,104.0,82.9,90.9,76.5,398,164,384.0,65,24.3,6,2.2,1.5, Delino DeShields,2019,408,267,0.249,0.23199999999999998,0.017,0.34700000000000003,0.32299999999999995,0.024,0.295,0.28,0.015,203,26.0,TEX,AL,118,408,357,42,89,15,4,4,32,24,6,38,100,0.249,0.325,0.34700000000000003,0.672,72.0,124,8,3,8,2,0,*8/D
208,669242,265,14.1,37.4,110.1,87.1,90.6,85.0,421,177,387.0,87,32.8,14,5.3,4.0, Tommy Edman,2019,349,265,0.304,0.28800000000000003,0.016,0.5,0.44299999999999995,0.057,0.35700000000000004,0.331,0.026000000000000002,243,24.0,STL,NL,92,349,326,59,99,17,7,11,36,15,1,16,61,0.304,0.35,0.5,0.85,120.0,163,3,7,0,0,0,549/87
209,606192,265,15.5,30.6,112.1,91.1,96.2,86.6,450,191,401.0,112,42.3,31,11.7,6.7, Teoscar Hernandez,2019,464,265,0.23,0.21899999999999997,0.011000000000000001,0.47200000000000003,0.446,0.026000000000000002,0.325,0.311,0.013999999999999999,162,26.0,TOR,AL,125,464,417,58,96,19,2,26,65,6,3,45,153,0.23,0.306,0.47200000000000003,0.778,105.0,197,8,1,0,1,1,*87/D
210,435522,261,11.7,40.6,106.2,86.2,89.1,83.5,428,177,402.0,81,31.0,17,6.5,4.5, Neil Walker,2019,381,261,0.261,0.271,-0.01,0.395,0.433,-0.038,0.319,0.33899999999999997,-0.02,218,33.0,MIA,NL,115,381,337,37,88,19,1,8,38,3,0,42,77,0.261,0.344,0.395,0.738,98.0,133,8,1,0,1,1,35/D4
211,641343,260,14.6,31.9,109.5,87.5,91.0,86.1,450,174,393.0,86,33.1,13,5.0,3.1, Jake Bauers,2019,423,260,0.226,0.22399999999999998,0.002,0.371,0.35200000000000004,0.019,0.29600000000000004,0.29,0.006,188,23.0,CLE,AL,117,423,372,46,84,16,1,12,43,3,3,45,115,0.226,0.312,0.371,0.6829999999999999,78.0,138,3,3,0,3,0,7D3
212,575929,260,7.3,31.2,113.1,88.3,94.7,83.9,460,167,408.0,108,41.5,30,11.5,7.3, Willson Contreras,2019,409,260,0.272,0.25,0.022000000000000002,0.5329999999999999,0.47600000000000003,0.057,0.368,0.342,0.026000000000000002,201,27.0,CHC,NL,105,409,360,57,98,18,2,24,64,1,2,38,102,0.272,0.355,0.5329999999999999,0.888,125.0,192,4,9,0,2,2,2/39D7
213,641525,259,17.0,38.6,113.3,89.5,93.2,86.8,454,190,399.0,104,40.2,29,11.2,6.9, Brandon Dixon,2019,420,259,0.248,0.24,0.008,0.435,0.442,-0.006999999999999999,0.303,0.306,-0.003,193,27.0,DET,AL,117,420,391,41,97,20,4,15,52,5,1,21,136,0.248,0.29,0.435,0.725,87.0,170,5,4,0,4,0,37D/95418
214,519346,258,18.6,36.4,110.5,90.7,93.4,87.2,432,209,396.0,110,43.8,24,9.3,5.2, Eric Thames,2019,459,258,0.247,0.226,0.021,0.505,0.43700000000000006,0.068,0.354,0.325,0.028999999999999998,166,32.0,MIL,NL,149,459,396,67,98,23,2,25,61,3,2,51,140,0.247,0.34600000000000003,0.505,0.851,117.0,200,0,10,0,2,4,39/D
215,621035,258,12.9,40.3,108.3,85.2,90.1,78.9,426,182,399.0,82,32.4,15,5.8,3.6, Chris Taylor,2019,414,258,0.262,0.23800000000000002,0.024,0.462,0.396,0.066,0.331,0.301,0.03,196,28.0,LAD,NL,124,414,366,52,96,29,4,12,52,8,0,37,115,0.262,0.33299999999999996,0.462,0.794,108.0,169,6,4,2,5,3,7648/59
216,572033,258,17.0,34.9,106.3,83.7,89.1,78.0,413,185,382.0,62,24.4,8,3.1,2.3, Josh Phegley,2019,342,258,0.239,0.249,-0.01,0.41100000000000003,0.374,0.037000000000000005,0.29100000000000004,0.287,0.004,249,31.0,OAK,AL,106,342,314,44,75,18,0,12,62,0,1,15,63,0.239,0.282,0.41100000000000003,0.693,85.0,129,11,6,2,5,0,2
217,640461,257,8.8,32.7,110.0,90.5,95.8,87.4,437,168,405.0,108,43.5,21,8.2,5.7, Chad Pinder,2019,370,257,0.24,0.254,-0.013999999999999999,0.41600000000000004,0.441,-0.025,0.298,0.315,-0.017,226,27.0,OAK,AL,124,370,341,45,82,21,0,13,47,0,1,20,88,0.24,0.29,0.41600000000000004,0.706,88.0,142,11,5,1,3,0,7945/8D63
218,642133,257,14.0,37.0,115.2,90.7,94.5,87.2,455,191,406.0,107,41.8,34,13.2,8.3, Rowdy Tellez,2019,409,257,0.22699999999999998,0.251,-0.024,0.449,0.47600000000000003,-0.027000000000000003,0.308,0.332,-0.024,202,24.0,TOR,AL,111,409,370,49,84,19,0,21,54,1,1,29,116,0.22699999999999998,0.293,0.449,0.742,95.0,166,9,7,0,3,3,3D
219,500874,254,6.8,36.6,110.8,88.6,93.6,84.8,440,160,412.0,99,39.3,18,7.1,4.8, Jose Martinez,2019,373,254,0.26899999999999996,0.272,-0.003,0.41,0.466,-0.055999999999999994,0.32299999999999995,0.34299999999999997,-0.02,221,30.0,STL,NL,128,373,334,45,90,13,2,10,42,3,0,35,82,0.26899999999999996,0.34,0.41,0.7509999999999999,97.0,137,14,2,0,2,0,9/D7
220,455117,250,11.7,26.8,110.1,87.4,93.5,83.6,425,159,383.0,81,32.9,19,7.6,5.1, Martin Maldonado,2019,374,250,0.213,0.222,-0.009000000000000001,0.37799999999999995,0.395,-0.017,0.28800000000000003,0.302,-0.013999999999999999,220,32.0,TOT,MLB,105,374,333,46,71,19,0,12,27,0,0,32,86,0.213,0.293,0.37799999999999995,0.6709999999999999,75.0,126,11,6,2,1,1,2/3
221,650490,250,5.7,34.0,114.3,91.7,97.0,89.2,428,162,389.0,112,44.8,26,10.4,7.5, Yandy Diaz,2019,347,250,0.267,0.28300000000000003,-0.016,0.47600000000000003,0.489,-0.013000000000000001,0.341,0.35700000000000004,-0.016,245,27.0,TBR,AL,79,347,307,53,82,20,1,14,38,2,2,35,61,0.267,0.34,0.47600000000000003,0.816,116.0,146,9,1,0,4,1,53D
222,455139,248,16.5,36.3,107.8,86.2,92.9,78.5,431,179,395.0,90,37.0,20,8.1,4.6, Robinson Chirinos,2019,437,248,0.23800000000000002,0.21600000000000003,0.022000000000000002,0.44299999999999995,0.4,0.043,0.336,0.316,0.02,183,35.0,HOU,AL,114,437,366,57,87,22,1,17,58,1,2,51,125,0.23800000000000002,0.34700000000000003,0.44299999999999995,0.79,105.0,162,11,13,2,5,1,*2
223,542583,240,13.8,33.8,112.2,89.3,93.1,87.1,446,175,402.0,90,37.7,18,7.5,4.9, Jesus Aguilar,2019,369,240,0.23600000000000002,0.24600000000000002,-0.01,0.389,0.44299999999999995,-0.054000000000000006,0.307,0.33399999999999996,-0.027000000000000003,227,29.0,TOT,MLB,131,369,314,39,74,12,0,12,50,0,0,43,81,0.23600000000000002,0.325,0.389,0.7140000000000001,87.0,122,12,2,0,7,0,3D/5
224,592450,238,11.4,39.9,118.1,95.9,99.5,91.7,467,199,396.0,136,57.1,48,20.2,10.7, Aaron Judge,2019,447,238,0.272,0.281,-0.009000000000000001,0.54,0.58,-0.04,0.382,0.401,-0.019,173,27.0,NYY,AL,102,447,378,75,103,18,1,27,55,3,2,64,141,0.272,0.381,0.54,0.9209999999999999,143.0,204,11,3,0,1,4,9D
225,572041,238,13.9,29.8,108.1,90.5,93.8,88.9,429,173,398.0,95,39.9,19,8.0,5.6, A.J. Pollock,2019,342,238,0.266,0.265,0.001,0.46799999999999997,0.45899999999999996,0.009000000000000001,0.33299999999999996,0.33399999999999996,-0.001,250,31.0,LAD,NL,86,342,308,49,82,15,1,15,47,5,1,23,74,0.266,0.327,0.46799999999999997,0.795,108.0,144,7,7,0,4,1,87/D
226,600869,237,15.6,32.9,114.2,88.0,92.2,85.6,449,186,399.0,80,33.8,14,5.9,3.6, Jeimer Candelario,2019,386,237,0.203,0.22899999999999998,-0.026000000000000002,0.337,0.364,-0.027000000000000003,0.28300000000000003,0.302,-0.019,214,25.0,DET,AL,94,386,335,33,68,17,2,8,32,3,1,43,99,0.203,0.306,0.337,0.643,70.0,113,3,7,0,1,1,53/D
227,608348,236,14.3,40.3,109.1,89.0,92.5,85.3,428,190,399.0,95,40.4,21,8.9,5.8, Carson Kelly,2019,365,236,0.245,0.247,-0.002,0.478,0.466,0.012,0.33899999999999997,0.337,0.002,232,24.0,ARI,NL,111,365,314,46,77,19,0,18,47,0,0,48,79,0.245,0.348,0.478,0.826,112.0,150,11,2,0,1,10,2/5
228,600474,235,12.9,35.7,111.0,87.2,92.0,83.4,430,172,402.0,79,33.6,20,8.5,5.9, Pedro Severino,2019,341,235,0.249,0.26899999999999996,-0.02,0.42,0.446,-0.026000000000000002,0.316,0.337,-0.021,251,25.0,BAL,AL,96,341,305,37,76,13,0,13,44,3,1,29,73,0.249,0.321,0.42,0.74,95.0,128,5,4,1,2,0,2/D
229,571466,235,11.6,34.0,107.5,86.1,90.3,83.4,415,166,380.0,63,27.9,7,3.0,1.9, Tucker Barnhart,2019,364,235,0.231,0.221,0.01,0.38,0.326,0.054000000000000006,0.301,0.28,0.021,233,28.0,CIN,NL,114,364,316,32,73,14,0,11,40,1,0,44,83,0.231,0.32799999999999996,0.38,0.708,82.0,120,5,2,1,1,7,2/3
230,571740,234,12.8,33.3,99.9,78.3,83.2,75.6,374,154,,17,7.3,0,0.0,0.0, Billy Hamilton,2019,353,234,0.218,0.233,-0.015,0.275,0.271,0.004,0.251,0.261,-0.01,241,28.0,TOT,MLB,119,353,316,41,69,14,2,0,15,22,6,32,87,0.218,0.289,0.275,0.564,50.0,87,1,0,3,2,1,*8/D
231,624415,233,20.1,44.2,104.6,88.7,91.8,82.6,429,225,392.0,93,40.1,21,9.0,4.9, Cavan Biggio,2019,430,233,0.23399999999999999,0.24,-0.006,0.429,0.426,0.003,0.34299999999999997,0.345,-0.002,184,24.0,TOR,AL,100,430,354,66,83,17,2,16,48,14,0,71,123,0.23399999999999999,0.364,0.429,0.7929999999999999,113.0,152,0,2,0,2,0,4/39D7
232,664056,233,13.2,31.3,111.2,86.6,94.2,80.4,455,195,412.0,82,35.3,23,9.9,5.7, Harrison Bader,2019,406,233,0.205,0.21899999999999997,-0.013999999999999999,0.366,0.408,-0.042,0.293,0.316,-0.023,204,25.0,STL,NL,128,406,347,54,71,14,3,12,39,11,3,46,117,0.205,0.314,0.366,0.68,78.0,127,3,10,1,2,4,*8
233,666971,232,14.1,33.6,109.6,90.2,95.6,86.4,452,188,409.0,104,44.8,26,11.2,7.6, Lourdes Gurriel Jr.,2019,343,232,0.27699999999999997,0.258,0.019,0.541,0.51,0.031,0.358,0.342,0.016,248,25.0,TOR,AL,84,343,314,52,87,19,2,20,50,6,4,20,86,0.27699999999999997,0.327,0.541,0.8690000000000001,127.0,170,4,5,1,3,0,7/4D3
234,656811,231,13.0,29.9,111.2,90.5,95.8,88.1,440,175,403.0,101,43.7,21,9.1,5.7, Ryan O'Hearn,2019,370,231,0.195,0.22699999999999998,-0.032,0.369,0.41100000000000003,-0.042,0.27899999999999997,0.308,-0.028999999999999998,225,25.0,KCR,AL,105,370,328,32,64,13,1,14,38,0,1,39,99,0.195,0.281,0.369,0.65,70.0,121,7,1,0,2,1,3/D7
235,543228,231,17.9,32.0,107.6,87.6,91.6,84.5,447,190,406.0,83,36.1,16,6.9,4.5, Yan Gomes,2019,358,231,0.223,0.221,0.002,0.389,0.397,-0.008,0.298,0.304,-0.006,238,31.0,WSN,NL,97,358,314,36,70,16,0,12,43,2,0,38,84,0.223,0.316,0.389,0.7040000000000001,78.0,122,7,5,0,1,6,2/3
236,594824,231,3.4,29.4,108.3,84.7,88.8,81.9,423,128,389.0,61,26.5,6,2.6,1.6, Greg Garcia,2019,372,231,0.248,0.222,0.026000000000000002,0.354,0.303,0.051,0.319,0.295,0.024,222,29.0,SDP,NL,134,372,311,52,77,13,4,4,31,0,2,53,83,0.248,0.364,0.354,0.718,94.0,110,4,5,1,2,1,45/63D7
237,665487,227,6.9,33.5,115.9,89.6,95.8,84.3,468,164,405.0,100,44.1,30,13.2,8.1, Fernando Tatis Jr.,2019,372,227,0.317,0.259,0.057999999999999996,0.59,0.49,0.1,0.39799999999999996,0.345,0.053,223,20.0,SDP,NL,84,372,334,61,106,13,6,22,53,16,6,30,110,0.317,0.379,0.59,0.9690000000000001,152.0,197,4,5,0,3,1,6
238,641598,226,15.3,33.6,109.7,91.1,97.2,84.8,443,199,400.0,113,50.0,35,15.5,9.7, Mitch Garver,2019,359,226,0.273,0.256,0.017,0.63,0.573,0.057,0.405,0.38,0.025,237,28.0,MIN,AL,93,359,311,70,85,16,1,31,67,0,0,41,87,0.273,0.365,0.63,0.995,156.0,196,5,5,0,2,0,2/D3
239,592859,224,10.5,33.5,104.9,85.7,91.0,82.2,423,161,392.0,68,30.4,8,3.6,2.2, Stevie Wilkerson,2019,361,224,0.225,0.20199999999999999,0.023,0.38299999999999995,0.317,0.066,0.28600000000000003,0.255,0.031,236,27.0,BAL,AL,117,361,329,41,74,18,2,10,35,3,3,22,108,0.225,0.28600000000000003,0.38299999999999995,0.669,76.0,126,5,7,1,2,0,8749/1D
240,593934,222,15.9,36.0,114.2,94.4,99.6,89.0,482,206,415.0,127,57.2,47,21.2,10.7, Miguel Sano,2019,439,222,0.247,0.23399999999999999,0.013000000000000001,0.5760000000000001,0.544,0.032,0.379,0.363,0.016,182,26.0,MIN,AL,105,439,380,76,94,19,2,34,79,0,1,55,159,0.247,0.34600000000000003,0.5760000000000001,0.9229999999999999,138.0,219,5,3,0,1,0,5/3D
241,434158,221,18.7,38.5,107.0,88.1,92.9,81.1,439,196,393.0,77,34.8,16,7.2,4.4, Curtis Granderson,2019,363,221,0.183,0.21600000000000003,-0.033,0.35600000000000004,0.389,-0.033,0.275,0.305,-0.03,235,38.0,MIA,NL,138,363,317,44,58,17,1,12,34,0,3,41,98,0.183,0.281,0.35600000000000004,0.637,69.0,113,3,3,0,2,1,7/9D
242,670541,221,13.4,39.8,117.9,92.2,96.6,86.6,474,202,411.0,107,48.9,38,17.2,10.3, Yordan Alvarez,2019,369,221,0.313,0.289,0.024,0.655,0.602,0.053,0.43200000000000005,0.41,0.022000000000000002,228,22.0,HOU,AL,87,369,313,58,98,26,0,27,78,0,0,52,94,0.313,0.41200000000000003,0.655,1.067,173.0,205,9,2,0,2,4,D7
243,656308,220,12.0,32.3,113.8,88.8,93.7,86.7,459,172,419.0,76,34.5,25,11.4,6.5, Michael Chavis,2019,382,220,0.254,0.222,0.032,0.444,0.413,0.031,0.32299999999999995,0.298,0.025,217,23.0,BOS,AL,95,382,347,46,88,10,1,18,58,2,1,31,127,0.254,0.322,0.444,0.7659999999999999,96.0,154,11,4,0,0,2,34/5D
244,523253,219,12.3,40.6,107.1,89.3,92.8,85.2,432,184,399.0,85,39.2,12,5.5,3.3, Logan Forsythe,2019,367,219,0.22699999999999998,0.242,-0.015,0.353,0.41,-0.057,0.298,0.32299999999999995,-0.025,230,32.0,TEX,AL,101,367,317,38,72,17,1,7,39,2,0,44,100,0.22699999999999998,0.325,0.353,0.6779999999999999,73.0,112,8,3,0,2,0,356/4
245,623520,212,7.7,34.9,113.8,89.7,93.1,87.8,469,162,404.0,77,36.3,12,5.7,3.4, David Bote,2019,356,212,0.257,0.251,0.006,0.42200000000000004,0.385,0.037000000000000005,0.336,0.322,0.013999999999999999,239,26.0,CHC,NL,127,356,303,47,78,17,0,11,41,5,1,44,93,0.257,0.36200000000000004,0.42200000000000004,0.785,103.0,128,11,7,0,2,4,54/69
246,592325,209,10.1,36.4,111.1,88.2,91.2,85.3,421,171,398.0,78,38.0,8,3.8,2.2, Ben Gamel,2019,356,209,0.248,0.235,0.013000000000000001,0.373,0.349,0.024,0.308,0.301,0.006999999999999999,240,27.0,MIL,NL,134,356,311,47,77,18,0,7,33,2,2,40,104,0.248,0.337,0.373,0.71,85.0,116,0,3,0,2,2,798
247,669374,208,16.0,38.0,112.4,91.4,95.1,88.6,442,191,402.0,100,50.0,29,13.9,8.3, Keston Hiura,2019,348,208,0.303,0.266,0.037000000000000005,0.57,0.53,0.04,0.38799999999999996,0.36,0.027999999999999997,244,22.0,MIL,NL,84,348,314,51,95,23,2,19,49,9,3,25,107,0.303,0.368,0.57,0.938,138.0,179,6,8,0,1,1,4
248,595978,206,20.4,32.0,108.7,85.8,92.0,79.3,449,193,403.0,67,32.5,17,8.3,4.9, Austin Hedges,2019,347,206,0.17600000000000002,0.198,-0.022000000000000002,0.311,0.35100000000000003,-0.04,0.242,0.266,-0.024,246,26.0,SDP,NL,102,347,312,28,55,9,0,11,36,1,0,27,109,0.17600000000000002,0.252,0.311,0.563,49.0,97,3,5,2,1,3,2/5
249,448801,171,14.1,39.8,108.4,89.1,93.1,84.0,417,193,390.0,67,39.2,18,10.5,5.1, Chris Davis,2019,352,171,0.179,0.20600000000000002,-0.027000000000000003,0.326,0.37200000000000005,-0.046,0.263,0.292,-0.028999999999999998,242,33.0,BAL,AL,105,352,307,26,55,9,0,12,36,0,0,39,139,0.179,0.276,0.326,0.601,60.0,100,6,3,0,3,1,3/D19
